0,1,2,3,4,5,6,7
0.3781158,0.44882345,0.97005844,0.0,0.86891794,0.7199776,0.8495028,0.14095992
0.928441,0.092187405,1.0,0.7547955,1.0,1.0,1.0,0.019253677
1.0,1.0,0.69156337,1.0,1.0,1.0,1.0,0.55374527
0.56527305,0.14882317,1.0,0.30258104,0.61567724,1.0,0.55495757,1.0
0.2841746,0.6907877,0.91626406,1.0,0.0,0.5358752,0.95409876,0.7223266
1.0,1.0,1.0,0.9461463,0.5625387,0.68125916,0.7411244,0.10752389
1.0,1.0,0.9481342,1.0,1.0,0.96224934,1.0,1.0
0.74470186,0.0,0.9367428,0.0,0.0,0.8588431,1.0,0.9822056
1.0,0.9290185,0.9864918,1.0,0.45529935,0.77139664,1.0,0.85633314
1.0,0.0,0.0,0.0,0.25182506,0.124182396,0.869825,1.0
0.5515386,0.46274439,0.49539354,0.120567985,1.0,1.0,0.79757714,1.0
0.7954443,0.9003701,1.0,0.3816016,0.5762533,0.8496853,1.0,0.8674974
1.0,0.0,1.0,0.6763224,1.0,1.0,0.8121787,0.80408734
1.0,1.0,0.74914396,0.8528021,0.4015147,1.0,0.6662189,0.56192416
0.9730465,0.9028983,0.76463944,0.5509952,1.0,1.0,1.0,1.0
0.75139034,0.65093595,0.0,1.0,1.0,1.0,0.6876794,0.65784466
1.0,1.0,1.0,0.86278206,0.0,1.0,0.3963023,1.0
1.0,0.17725176,1.0,0.29472947,0.53682643,1.0,1.0,0.76879376
0.40331486,0.3129644,0.3504927,0.6616118,1.0,1.0,0.7457679,0.32123512
1.0,0.84146154,1.0,1.0,1.0,0.7077362,0.55959785,1.0
0.46723413,0.40439475,0.37887895,1.0,0.6237567,0.8211747,1.0,1.0
1.0,0.0,1.0,0.28076008,1.0,0.6795919,1.0,0.22629848
0.24919607,1.0,1.0,1.0,0.4213364,0.53403205,0.2922158,1.0
1.0,1.0,0.3529197,0.08626665,0.86933243,1.0,1.0,0.0
1.0,1.0,0.84390527,0.6687072,0.7850688,0.66747624,1.0,1.0
1.0,0.21966584,0.8765638,1.0,0.7962708,1.0,0.0,1.0
0.0,1.0,1.0,1.0,0.60971814,1.0,1.0,0.9910771
0.47310305,0.8573405,0.3334551,0.7430261,0.56277716,0.60870093,0.9276427,0.5697557
0.057209585,0.2676147,0.9216109,0.0,0.24993742,0.0,0.6691713,0.6487507
0.80486155,1.0,1.0,1.0,0.98069096,1.0,0.0,1.0
1.0,1.0,0.8821846,0.4725544,1.0,1.0,1.0,1.0
1.0,1.0,1.0,0.5720478,0.7955947,1.0,1.0,0.58271086
0.8743674,1.0,1.0,0.66022474,0.11095667,1.0,1.0,1.0
1.0,0.25686458,0.92275447,0.029347865,0.25258934,0.66617227,0.7852469,1.0
1.0,0.8650446,0.67575014,1.0,1.0,1.0,0.8238451,0.89893806
0.6345457,0.22584815,0.9070086,0.21634273,0.9054621,0.77566075,0.8775273,1.0
1.0,0.0,1.0,0.65184337,0.0,0.7476382,1.0,1.0
0.83296484,0.98512715,0.45440668,0.7410519,0.9472662,0.56497055,0.0,0.23658189
0.30254608,0.15899724,0.37874573,1.0,1.0,1.0,1.0,0.7814528
1.0,0.75129545,1.0,0.7626873,1.0,0.65425164,0.6069918,0.8725952
0.08795066,0.80136955,0.67536056,1.0,0.8698522,0.3938172,0.6375542,1.0
1.0,1.0,0.24436893,0.19147517,1.0,1.0,1.0,0.31146628
1.0,1.0,1.0,0.99943614,0.19730702,1.0,1.0,1.0
0.56028676,0.23385482,1.0,1.0,0.4872134,1.0,0.34751117,1.0
0.9293495,1.0,0.6769637,1.0,1.0,1.0,1.0,1.0
0.720041,1.0,0.4726885,1.0,1.0,1.0,1.0,0.37491938
1.0,0.9173325,0.5736553,1.0,0.48214528,0.9912134,0.99092454,1.0
0.42811006,1.0,0.23870741,1.0,0.8047159,0.49951905,0.31256446,1.0
0.8874399,0.4395903,1.0,1.0,0.7722343,0.5047385,1.0,0.6479622
0.584042,0.2336933,0.0,0.0834399,0.6570564,1.0,1.0,1.0
1.0,0.8029275,0.7181979,0.4447104,1.0,0.7687581,1.0,1.0
1.0,0.0914166,0.9531631,0.2919628,0.5625928,1.0,1.0,1.0
1.0,0.77182037,1.0,1.0,0.71235836,1.0,0.3747257,0.88337797
1.0,1.0,0.70356655,0.503093,0.81137174,1.0,0.9833833,1.0
0.6354397,0.0,1.0,1.0,0.40664592,0.24072924,0.6141529,0.97429836
0.5119724,0.61287373,1.0,1.0,0.61054677,0.58386093,0.8446953,0.6473177
0.8813851,1.0,0.76906157,0.8583712,1.0,0.10707735,1.0,0.99113595
0.4835822,1.0,1.0,0.75550526,1.0,1.0,1.0,0.8500888
0.1866005,0.2248069,0.8428418,0.5085404,1.0,0.26495492,0.7085629,0.67821556
0.95387125,1.0,1.0,0.0,0.4083449,0.8210252,0.35133108,0.104916975
0.8802452,0.84068024,1.0,1.0,0.9268984,1.0,1.0,0.284479
0.8738193,0.6191052,0.8547827,0.0,1.0,0.9186809,1.0,1.0
0.65390354,0.83278865,0.87272567,0.9783782,0.35054556,0.9695422,1.0,1.0
0.388702,0.68943936,1.0,0.020999081,0.0,0.4690055,1.0,0.6829919
0.64063936,0.2653672,0.5622797,0.98125446,0.18630071,0.524372,1.0,0.75529015
0.8555931,0.0,1.0,0.13380922,0.22016998,1.0,0.42833477,0.23148336
0.072402805,0.0,1.0,0.4881226,0.0,1.0,1.0,1.0
1.0,1.0,0.5093578,1.0,0.5948696,1.0,1.0,1.0
1.0,0.8829135,0.2634729,1.0,0.27252463,1.0,0.48622483,0.23689295
1.0,1.0,1.0,0.18594345,0.7665806,0.7703382,1.0,1.0
1.0,0.200945,0.9788311,0.9995135,0.12833557,1.0,0.36753744,0.0
0.6374985,1.0,1.0,0.8253329,0.100251794,1.0,1.0,1.0
1.0,1.0,0.6460004,1.0,1.0,0.9719409,0.45511013,0.69260305
1.0,0.685018,0.3281893,0.30741146,0.29970208,0.48239946,1.0,1.0
1.0,1.0,1.0,1.0,0.11216284,0.79972714,1.0,0.063039914
1.0,0.05456363,0.5072877,0.87398577,1.0,1.0,0.7770962,0.92158663
1.0,0.9860182,0.84600776,1.0,0.55642533,0.22662659,1.0,1.0
0.8138469,1.0,0.6544847,0.6417545,1.0,1.0,1.0,0.78816724
0.6617284,1.0,1.0,1.0,0.16253822,0.96212196,0.0,0.59937716
0.0,0.7828784,0.7434476,1.0,0.8157658,0.107233346,1.0,0.9556537
1.0,0.037657697,0.87307614,0.70789635,0.77781516,0.8855582,0.2013374,0.6219212
1.0,0.6945646,1.0,0.5931957,1.0,1.0,0.877753,0.5704101
1.0,0.7968092,0.39665735,1.0,0.52201694,0.16244386,1.0,0.99051267
0.69663244,0.47554183,1.0,1.0,0.50211644,1.0,1.0,0.28573376
1.0,0.87615407,0.9631024,0.9575915,0.0,0.37421286,0.68564636,0.0
1.0,0.5507677,1.0,0.43733945,1.0,0.746802,1.0,1.0
0.7145129,0.81182665,0.9613984,0.6645988,0.46864623,0.5507402,1.0,0.0
1.0,0.02964562,1.0,1.0,1.0,0.07149855,1.0,0.7923528
1.0,1.0,0.5397578,1.0,0.5604803,1.0,1.0,0.44733807
0.4301922,0.40356275,1.0,0.6329184,1.0,1.0,0.6185493,0.6034058
0.98316705,1.0,0.75831366,0.54572684,0.0,1.0,1.0,0.43579742
1.0,0.8109572,0.07652374,1.0,0.0,0.99852985,1.0,0.9943997
0.0,1.0,1.0,1.0,0.0,0.7039244,1.0,0.7808915
0.5087964,0.6138683,0.5421277,0.7151068,1.0,0.6548877,0.7352487,1.0
0.7741502,0.63523453,0.24297965,0.51213956,1.0,1.0,1.0,1.0
1.0,0.5007603,0.71234334,0.056132823,0.0,0.6856718,0.67779213,1.0
0.8451002,0.8584083,0.3739503,0.60190535,0.23978925,0.39900187,0.9170501,0.18330231
0.84752333,0.60761124,0.60137546,0.0,0.7295961,0.94487256,0.6290268,0.5281227
0.62932175,0.4630321,1.0,0.86235285,0.895412,0.4904067,1.0,0.02210725
1.0,1.0,0.89448357,0.45171225,0.52551544,1.0,0.5010093,1.0
0.0,0.97987205,0.52483124,0.9930264,1.0,0.99164426,1.0,1.0
0.9847259,0.18024638,0.42089605,1.0,0.84314936,1.0,0.28219518,0.822429
0.85645187,0.58397776,0.97506356,0.79349893,0.98865247,1.0,0.07549042,0.5850334
0.86784625,0.96942306,1.0,0.2772473,0.71697605,1.0,1.0,0.7279293
0.22065967,1.0,0.64771426,0.3630053,0.54661787,1.0,0.0,1.0
0.50645715,1.0,0.69001657,1.0,0.6313507,0.7495247,1.0,0.33117342
0.6549396,1.0,0.52409804,0.240839,0.9086325,0.56553704,0.9127916,1.0
1.0,1.0,1.0,1.0,0.51533973,1.0,0.61132604,1.0
0.65043545,0.48930725,0.42365727,1.0,0.5440258,1.0,1.0,1.0
0.5084251,0.3142663,1.0,0.64829797,0.32649013,1.0,1.0,1.0
0.94083184,1.0,0.33388788,0.34470358,0.81849235,1.0,1.0,1.0
0.9800924,0.32601976,1.0,1.0,0.0,1.0,0.93131036,0.46397614
0.8723395,0.68763834,0.510827,1.0,0.7660507,0.6576027,0.15987895,1.0
1.0,0.0,0.9050121,0.6886887,0.8427913,1.0,1.0,0.5130965
0.6419191,0.42740893,0.9125638,0.6183328,0.010162259,1.0,0.45113814,0.3967599
1.0,0.4567014,0.062389843,0.65321577,0.8038778,1.0,0.94576174,1.0
1.0,1.0,1.0,0.68657595,0.51895195,1.0,1.0,1.0
0.46519038,0.9168238,1.0,0.2709745,0.0,1.0,0.5684346,1.0
0.24530071,1.0,1.0,0.54226565,0.6581352,0.88356745,0.58873427,1.0
1.0,0.770572,1.0,0.56566054,0.861474,0.8207075,0.0,0.9375449
0.88448936,0.13939567,1.0,0.65496296,1.0,1.0,0.44589806,0.5317015
1.0,0.9736688,0.9301391,0.34491655,1.0,0.4388201,0.8178836,0.71904343
1.0,0.2657086,1.0,1.0,1.0,0.8067255,1.0,1.0
1.0,1.0,0.09179951,0.1968233,0.30878952,1.0,1.0,1.0
0.7999147,0.1649089,0.74666303,0.92938,0.8639736,0.85004663,0.61482716,0.7756633
1.0,1.0,0.5525002,0.103047386,0.3925174,0.0,0.85140145,1.0
0.12398178,0.61029327,1.0,0.58007157,0.24307947,0.7191861,0.733829,0.9347094
0.7150072,0.17246859,1.0,1.0,0.4052571,1.0,0.93463415,0.9831914
1.0,0.8724468,0.103674784,1.0,1.0,1.0,1.0,0.6853781
0.9561361,0.47105867,1.0,0.63677806,0.0,0.8835155,1.0,1.0
0.9993367,1.0,1.0,0.053059086,0.000622142,1.0,0.9270663,0.6799936
1.0,0.8851826,1.0,0.32580757,1.0,0.40300465,0.093105584,0.57061785
0.92189026,0.8541005,0.47259492,0.7367717,0.5193229,1.0,0.5479102,1.0
1.0,0.7171228,0.7399274,1.0,0.22580782,0.19354302,1.0,0.5996268
1.0,0.083960205,0.8529934,0.59860027,0.0,0.17054011,0.20183058,1.0
0.29069543,0.4772368,1.0,0.19088078,1.0,1.0,1.0,0.2930391
0.19212967,0.2717066,0.3069878,0.16958526,0.31635603,0.6795508,1.0,0.4910262
0.515588,1.0,0.7661691,1.0,0.45217767,0.72830975,1.0,1.0
0.6027716,1.0,0.17257021,1.0,1.0,0.84417,0.4271383,0.52834624
1.0,1.0,0.7834335,0.08667857,0.53401047,0.839042,0.46984214,0.7873977
1.0,1.0,1.0,0.5190622,0.57118857,1.0,0.88105184,0.7791442
0.0,0.76091564,0.7517302,1.0,0.71018964,0.7935775,0.25003472,1.0
1.0,1.0,1.0,1.0,0.10564784,1.0,0.17268488,1.0
1.0,0.9275757,0.89533406,0.97744095,0.0,0.4698894,0.6666916,1.0
0.8533129,1.0,0.8383718,0.41662943,0.0,0.0,1.0,1.0
1.0,1.0,0.34457144,1.0,1.0,0.6571955,1.0,0.2955874
1.0,0.11527979,0.0,0.3103329,0.8089435,0.0,1.0,1.0
1.0,1.0,1.0,0.11264977,0.11731402,0.70192915,0.5525959,1.0
1.0,0.9589216,0.704657,1.0,0.0,0.0,1.0,0.23325641
1.0,0.5498695,0.35595092,0.9322689,0.0,0.742804,0.53837425,0.6180388
0.8567743,0.9147518,0.48985013,0.86270916,0.39927256,0.8860814,0.57560503,1.0
1.0,0.0,1.0,1.0,0.80167323,1.0,1.0,0.65888834
0.540949,0.73651594,0.6961649,1.0,0.6373181,0.9854499,0.72269917,0.2467321
1.0,0.3466134,0.0,0.0,1.0,0.0,0.13490066,0.6961335
1.0,0.0,0.0,0.92620546,0.15251388,0.6394854,1.0,0.9708593
0.019815162,0.74523085,0.7240273,0.21421117,0.4050512,0.15629478,0.7419159,1.0
0.5647846,1.0,0.93570703,0.65389913,0.93468624,0.7243357,1.0,1.0
0.90986603,1.0,0.55432695,0.7957198,0.60690343,0.4348434,1.0,1.0
0.37476653,0.07873874,0.26824987,1.0,1.0,0.8824195,0.49428365,0.9061811
1.0,0.9552894,0.38572705,0.3581874,0.34811008,0.6319037,0.9600662,1.0
0.95360625,0.42536008,0.9926619,1.0,0.17333953,0.3106007,1.0,1.0
1.0,0.7761998,0.18606274,0.45830828,0.8101878,0.92428976,1.0,1.0
1.0,0.55218583,1.0,1.0,0.8208898,0.39555702,0.6542282,1.0
1.0,0.27636585,0.4089042,0.38049334,0.6042446,0.49734506,0.6750735,1.0
1.0,0.7996129,0.1278284,0.54714525,0.10988404,0.7816246,1.0,1.0
1.0,0.93798983,0.32714474,0.41116944,1.0,1.0,0.78820103,0.7998628
1.0,0.33073816,0.93214095,0.94329095,1.0,0.42632398,1.0,1.0
1.0,0.0,0.5580396,1.0,1.0,1.0,0.9596161,1.0
0.6804447,1.0,1.0,0.32409474,0.6690433,1.0,0.23364615,0.72426146
1.0,1.0,0.13231878,1.0,0.6161446,1.0,1.0,0.4454244
0.4466502,0.50233984,0.7063859,0.0,0.19518068,0.47392142,0.29720742,1.0
1.0,0.977084,1.0,0.0,0.0,0.53472394,0.72896487,1.0
0.76469386,0.34790418,1.0,1.0,0.0,0.5760382,1.0,0.91519797
0.4821022,0.44973657,0.0,0.29683718,0.97780716,0.0,0.8148898,0.8498182
1.0,0.31306568,1.0,0.19138494,1.0,1.0,1.0,1.0
0.70546615,0.0,1.0,1.0,1.0,1.0,1.0,0.49260816
0.44368362,0.2740424,1.0,1.0,0.8389876,0.09735915,0.6629809,1.0
1.0,0.8352533,1.0,0.9030963,0.59926623,0.9001456,1.0,1.0
1.0,1.0,1.0,0.82626045,0.5601698,0.0,1.0,1.0
0.96909326,1.0,0.62670815,0.36400393,0.4108253,0.8500646,1.0,0.30424637
0.92248917,0.4559671,0.021430764,0.22056802,0.9161291,0.37692708,0.7526404,0.684053
0.3265278,0.2980497,1.0,0.75790685,0.0,0.6373116,1.0,1.0
0.5981014,0.89217955,1.0,0.8684314,0.0,1.0,0.8451717,0.8369328
0.6336626,1.0,0.7165278,1.0,0.47273007,0.7211515,1.0,0.83597344
0.04254972,0.5770087,0.91507125,0.5697927,0.25926647,0.80126554,1.0,0.95355487
1.0,1.0,0.9326349,0.8267578,0.19371146,1.0,1.0,1.0
0.87261844,0.5276514,0.0,0.0,1.0,0.9098939,1.0,1.0
0.07684012,0.65275955,1.0,0.69732726,1.0,0.5328229,1.0,0.23456189
1.0,1.0,0.6145611,0.67036986,0.6871923,0.8565456,1.0,0.4807265
0.093199834,0.0,1.0,0.61161476,0.8089697,0.38422868,1.0,1.0
1.0,1.0,1.0,0.13003676,0.28527683,0.93335426,0.98735213,0.9536475
0.2831946,0.5218644,1.0,0.38154417,0.9262956,1.0,0.6833482,1.0
0.6314296,1.0,1.0,1.0,0.7609134,1.0,1.0,0.30152732
0.92621064,0.84226763,1.0,0.6552537,0.98119223,0.432907,1.0,1.0
0.9388233,1.0,0.82745475,1.0,0.88461584,0.8420414,1.0,0.93203485
0.53861254,1.0,0.77612084,1.0,0.17620601,1.0,0.5243506,1.0
0.41915026,0.24971792,1.0,1.0,0.6219783,0.76776,0.85948765,0.90328825
0.50046605,1.0,1.0,0.77547973,0.19349338,1.0,0.9401237,1.0
0.88380086,0.95304215,1.0,0.20265795,0.5779236,0.55377585,0.71967834,0.7524185
0.94804263,1.0,0.8184605,1.0,0.95579404,1.0,0.3901738,1.0
1.0,0.1144063,1.0,0.3529632,0.95910454,1.0,0.5150739,0.0
0.89657,1.0,1.0,1.0,1.0,0.7522233,0.6318546,1.0
1.0,0.5525292,0.0,1.0,1.0,1.0,0.97552747,1.0
0.7762833,0.7617732,1.0,0.0,1.0,0.53885317,1.0,1.0
1.0,1.0,0.1847684,1.0,1.0,0.2203397,0.55972666,0.9601666
1.0,0.35226837,0.46944726,1.0,0.9279024,1.0,0.6549434,0.81137764
1.0,0.61620784,1.0,1.0,0.0,0.13119793,0.9035337,0.56123435
1.0,1.0,1.0,0.5392548,0.0,0.6705023,0.16500905,1.0
0.95624703,0.56136817,1.0,1.0,0.7573166,0.0,0.5203389,0.9318974
1.0,1.0,0.7053955,0.7531286,0.3276426,0.6453969,1.0,0.9226379
0.6647316,1.0,0.8193895,0.3124716,0.36490446,0.99823713,0.2735206,0.8731083
0.8877911,0.86221385,0.6567671,0.055763863,1.0,1.0,1.0,0.0
1.0,0.61233515,1.0,0.5629183,0.5707044,0.61752266,0.55579895,0.7975009
0.60551417,0.2702942,1.0,0.4132109,1.0,0.2696689,0.76906055,1.0
1.0,0.33328393,1.0,0.65406936,0.84665585,0.0,0.9738971,0.8252416
1.0,1.0,0.26840055,0.4587618,1.0,0.37786922,1.0,1.0
0.6473649,0.39367998,0.70454425,0.6104159,0.76329356,1.0,1.0,0.10146452
1.0,0.23784567,0.5297711,0.20379582,0.34586048,1.0,1.0,0.59391946
1.0,1.0,0.8910795,0.48236975,0.6199767,1.0,0.90439445,0.18934898
1.0,0.39154518,0.6451481,0.0,0.0,1.0,0.8306558,0.77393603
0.3355552,0.8544052,0.47992036,0.0,0.5867921,0.0,1.0,1.0
1.0,0.3725046,1.0,0.68284565,1.0,0.89094514,1.0,1.0
1.0,1.0,0.57253826,1.0,0.4619674,0.5082358,0.0036759793,1.0
0.2850499,0.6233924,1.0,0.7139917,0.9727922,0.72704345,0.29794464,0.85790557
1.0,1.0,1.0,0.3878023,1.0,0.3619121,0.9106295,0.95939237
1.0,1.0,0.0,1.0,0.0,0.43809226,0.9030571,1.0
0.9635541,0.62944216,0.58367556,0.6119805,0.7252016,1.0,0.38826737,1.0
0.6174555,0.6252454,1.0,0.02632978,1.0,0.6053482,0.49108005,1.0
0.5112114,0.014012622,0.4961631,0.104440495,0.38138777,1.0,0.60774416,0.40104538
0.0,1.0,0.8242453,0.6274362,0.7798442,1.0,0.55674195,1.0
0.65656537,0.97898847,1.0,1.0,0.53119326,1.0,1.0,0.5889783
1.0,0.2587003,0.85046476,0.100140736,1.0,0.2064963,1.0,1.0
0.31179273,1.0,1.0,0.15443109,0.9467246,1.0,0.9435932,0.8760644
1.0,0.7201707,1.0,0.89473486,0.0,1.0,1.0,1.0
0.74639267,0.8895223,0.75400627,0.5805362,1.0,0.6225954,0.6616947,0.8306554
0.62994266,0.5783673,1.0,0.2222984,0.8045809,0.6517801,0.0,0.6855801
0.61247486,0.87516487,0.97966623,0.0,0.7410634,0.605212,1.0,0.8735246
0.4434595,0.95042217,0.6023709,1.0,0.0,0.93030655,0.60024595,1.0
0.32950017,0.66355777,0.56953216,0.66536134,0.4470834,1.0,0.0,1.0
0.42896664,0.61252177,0.4815274,0.5174662,0.8944518,0.40541518,0.782541,1.0
0.5865799,0.021801515,1.0,1.0,0.7208208,0.9895203,1.0,1.0
1.0,0.11643429,0.87528676,0.9731431,1.0,1.0,0.3161258,1.0
0.4463011,0.038844317,1.0,0.32996067,0.0,1.0,1.0,1.0
0.0,0.62937576,0.9410686,1.0,0.7836706,0.89022195,1.0,0.96227133
1.0,0.3893055,1.0,1.0,0.87696385,0.8809864,1.0,1.0
1.0,0.0,0.87736577,0.5150053,1.0,0.69406927,1.0,0.5382702
0.97903925,1.0,0.20754606,0.3310607,0.46571204,0.16178814,0.91729426,0.8703037
1.0,1.0,0.6299712,0.9540188,0.9646486,0.41027138,1.0,1.0
1.0,0.7234905,0.60658276,1.0,0.9758755,0.32227817,0.55020475,0.9271005
1.0,0.0,1.0,0.79836345,0.89594346,0.91341794,1.0,0.31860855
1.0,1.0,0.82668096,0.0,0.0,1.0,1.0,1.0
0.93895006,1.0,0.7490003,0.38671628,0.62219524,0.8606375,0.6050714,0.6931421
0.2433029,0.7717147,1.0,0.0,0.0,0.045329344,1.0,0.82603925
0.5628491,1.0,1.0,0.39717066,0.56526536,0.90132636,0.48874554,0.94934785
0.7228575,1.0,1.0,0.6475478,0.03788056,0.6232556,0.40560487,0.9012024
0.55680645,0.9981336,0.6283992,1.0,1.0,1.0,0.5295238,0.34309584
1.0,0.06328952,0.69731545,1.0,1.0,1.0,0.9626782,1.0
0.6211241,0.6628936,0.80893946,0.0,0.4333803,1.0,0.0,1.0
0.85704595,0.4971405,0.0,0.9421577,0.0,0.27994356,1.0,1.0
1.0,1.0,0.0,1.0,0.820488,1.0,0.962259,0.8120958
1.0,0.87789106,0.8451168,0.38903677,1.0,0.7394653,1.0,1.0
1.0,0.14594856,1.0,0.592743,0.0,1.0,1.0,0.36196327
0.8769688,0.0042244266,1.0,0.29317746,1.0,1.0,1.0,1.0
1.0,1.0,1.0,0.71382767,0.83417994,1.0,1.0,0.33617038
1.0,0.41710424,1.0,0.85265464,0.074041784,0.53814846,1.0,0.30496708
0.19566856,1.0,0.7351023,0.9434859,0.729599,0.49438122,0.077174254,0.08639477
1.0,1.0,0.9538333,1.0,1.0,1.0,0.5287514,1.0
0.0,0.52820456,0.02607626,0.2919192,0.5748617,0.62962043,1.0,1.0
0.5098166,0.6942434,1.0,0.32777187,0.0,1.0,0.64570266,1.0
0.06587166,1.0,0.9797193,1.0,0.69693583,0.6007026,1.0,0.2677593
0.83135825,1.0,0.0,1.0,0.3620502,1.0,1.0,0.35720542
0.5812895,1.0,0.75107604,1.0,0.81364775,0.49603626,0.97776616,1.0
1.0,0.57473177,1.0,1.0,0.61027384,1.0,1.0,1.0
0.31141955,0.65327406,0.6509258,0.27859408,0.9591704,0.62711394,0.9424183,0.8366872
0.68649656,0.30211914,1.0,0.5321582,0.9796686,0.9900322,0.9480429,1.0
0.42197165,1.0,0.368404,1.0,0.9210151,1.0,1.0,1.0
0.38693568,0.8274991,0.8694516,0.82248527,0.0,1.0,0.4831858,0.79567784
1.0,0.51312417,0.9584591,0.10310457,0.13835448,1.0,1.0,0.8095774
0.67493784,1.0,0.9755437,0.20979972,1.0,1.0,0.7296185,1.0
0.76095104,1.0,1.0,0.8750086,0.77213424,1.0,0.2613626,0.6396771
0.60805035,0.6029487,0.24321353,0.33790866,1.0,0.9466112,0.99723697,1.0
0.36805886,1.0,1.0,0.6842547,1.0,0.399787,0.45977646,0.7059395
0.17860217,0.92646897,0.05324798,0.7980394,0.44234145,0.29879698,0.22611628,1.0
0.9866639,0.87838304,0.93191504,0.4691945,0.95779985,0.9258171,1.0,1.0
1.0,0.72381026,1.0,1.0,0.15344998,0.6128919,0.54424495,1.0
1.0,0.77903455,0.34412897,0.36082208,1.0,0.5573104,0.29037032,1.0
0.0,0.982224,1.0,0.28013352,0.20829476,0.84675455,0.7661202,1.0
1.0,0.21379918,0.0,0.8543235,0.9726486,0.41996902,1.0,1.0
0.6932177,0.74040496,1.0,0.7247097,0.7757014,1.0,1.0,1.0
0.5179377,0.0,1.0,0.5704183,0.67171705,1.0,0.27251658,0.94315463
1.0,1.0,1.0,1.0,1.0,1.0,0.3838238,1.0
0.89680654,0.04340665,0.16296966,0.23183869,1.0,0.0,0.09794358,1.0
0.017300611,1.0,0.6431109,0.55690825,1.0,0.21580495,0.4897992,1.0
0.0,0.27006125,1.0,0.74333656,1.0,1.0,0.48173118,1.0
0.20410949,0.62873214,1.0,1.0,0.59632874,0.0,1.0,0.59529793
1.0,0.010729125,0.24999106,1.0,0.96974003,0.025925871,0.500334,0.2740207
1.0,1.0,0.78120005,1.0,0.12420913,1.0,1.0,1.0
0.9943684,1.0,0.81756264,0.40740368,0.5445739,0.95754755,1.0,1.0
0.7879752,1.0,0.8899923,0.9334076,1.0,0.5954816,1.0,1.0
1.0,0.58194983,1.0,1.0,0.75688636,1.0,0.5994107,1.0
0.88264465,1.0,0.784312,0.753471,0.5182606,0.6324693,0.82242644,0.17853029
0.8801132,1.0,0.0,0.9863249,1.0,0.99727386,1.0,0.0
0.65446603,0.009146769,1.0,1.0,0.031989925,1.0,1.0,0.8447674
0.87615955,1.0,0.82875884,0.49963993,0.598515,1.0,0.6011677,1.0
0.88428605,0.5178941,0.86410785,0.27656698,0.70819014,1.0,1.0,1.0
0.96288294,0.8932261,1.0,1.0,1.0,0.6406803,0.87336373,1.0
0.0,1.0,0.33384737,1.0,1.0,0.0,0.80646116,0.8218871
0.45865268,0.8561817,0.971695,0.4430218,0.0378956,0.88468045,0.7447568,0.38584128
1.0,0.0,1.0,0.50490487,0.0,0.6257913,1.0,0.99445415
1.0,0.22183579,1.0,0.20400564,0.8003147,0.6136624,0.0,0.7065254
0.725879,0.8920888,0.3333281,1.0,0.31624967,0.101167,0.90612274,0.9309769
0.901813,0.50155056,0.12351434,1.0,1.0,0.7326799,0.29403174,1.0
0.0,0.521287,1.0,0.66848177,1.0,0.66839784,1.0,1.0
0.46193442,0.0,1.0,0.23013341,0.6252733,1.0,0.3674368,1.0
0.915333,0.69057274,1.0,0.0,0.95063716,0.23462209,0.96737045,0.56112146
0.2306642,0.0,0.59341437,1.0,0.08711443,0.18954854,0.56524205,1.0
0.8010253,0.18258996,0.77456146,0.6167044,1.0,0.75674194,0.9818323,1.0
0.59834564,1.0,1.0,1.0,0.5649828,0.06603528,0.904418,0.4390388
0.4335526,0.93953717,0.0038436316,0.76024324,0.8214226,0.0,0.7972216,0.83993727
0.9731996,0.84725285,0.21831733,1.0,0.19224754,0.48123676,0.3110547,0.5804881
0.0,0.6948213,0.85585076,0.8463737,0.8024888,0.38269785,0.61861247,1.0
0.0,0.0,0.8100252,1.0,0.0,0.9600906,0.02525783,1.0
0.8339587,0.0,1.0,1.0,0.75358474,0.12954925,0.38428873,1.0
0.9523439,0.41633368,1.0,0.69406605,0.79535884,1.0,0.5341938,1.0
0.6961791,0.29413715,1.0,0.41106838,0.7521383,1.0,1.0,0.40780017
1.0,0.6375214,1.0,0.7708305,0.13926397,1.0,0.9737412,0.72828275
0.84235775,0.7865293,1.0,0.034643352,1.0,0.6591736,0.048675034,0.48836625
0.7617485,0.7633513,1.0,0.76251,1.0,0.15643741,0.978517,0.8647851
0.97776544,0.82441413,0.5345544,0.543755,1.0,0.8803769,1.0,1.0
0.72956973,1.0,0.92500365,1.0,0.33059126,0.35352775,0.41892722,0.42050448
0.0,0.45398772,1.0,0.736329,0.0,0.3397838,0.65773803,1.0
0.24965885,1.0,0.07664767,1.0,0.39988407,1.0,1.0,0.33729267
1.0,0.7186395,0.351866,0.70222396,0.6635891,0.0,1.0,0.4422417
0.94616365,1.0,0.66817373,1.0,0.24184349,1.0,1.0,0.8893389
0.0,0.90624547,0.72346115,0.44092336,1.0,0.7159947,0.79524195,1.0
1.0,1.0,0.0,1.0,0.0,1.0,0.3237344,0.46554258
1.0,0.8125384,0.0,1.0,0.67937475,0.87914854,1.0,0.9003018
0.8875492,1.0,0.16086526,1.0,0.0,0.3841409,0.0,1.0
1.0,0.94534093,1.0,1.0,0.0,0.6462913,0.49632517,0.70615155
0.7354079,0.630129,0.32914206,0.8695416,1.0,0.9327669,1.0,0.67516196
1.0,1.0,0.49568748,1.0,0.6038568,1.0,1.0,1.0
1.0,0.75126326,1.0,1.0,0.8874057,0.03963003,0.58305013,1.0
0.7152363,0.66778284,1.0,0.0,0.061488137,0.99717015,1.0,0.48800808
0.37669298,1.0,0.8823662,0.038780026,0.6809151,1.0,1.0,0.45451134
0.17171219,0.7181922,0.81373674,1.0,0.42959514,0.27982652,0.9696369,0.3142221
0.0,1.0,0.67058396,1.0,1.0,0.84025484,0.79466474,1.0
1.0,1.0,0.7919517,0.7656247,0.12984674,0.22905372,0.50640684,0.7743829
1.0,1.0,1.0,1.0,1.0,0.60364056,1.0,0.60733455
0.83482164,1.0,0.7504721,0.0,1.0,0.38418776,0.43725598,1.0
1.0,0.41595936,1.0,1.0,0.84614545,0.5966217,1.0,0.4744855
1.0,0.6192224,1.0,0.26391387,1.0,0.5183686,0.0,0.95030224
0.12148791,1.0,1.0,0.908772,1.0,0.24019022,0.1398444,0.7056877
1.0,1.0,0.92856693,1.0,1.0,0.06240393,0.6792399,0.625237
0.9566717,1.0,0.0,0.6300173,1.0,1.0,0.99431634,0.80322754
0.9494433,0.5733172,0.55844516,0.32380313,0.7078928,1.0,0.9254665,1.0
0.3943051,1.0,1.0,0.28331205,0.74172986,0.51276356,0.49429625,0.9087291
0.4168407,1.0,1.0,0.7141364,1.0,0.8804463,0.07988327,0.50751376
0.7042199,0.7694667,1.0,0.7116914,1.0,0.0,1.0,1.0
0.20525362,1.0,0.61570644,1.0,0.7828452,0.55524105,1.0,0.9601845
1.0,0.77127844,0.77072585,0.78533924,0.38378686,0.83464235,0.10747573,1.0
0.5867084,1.0,1.0,0.0,0.0,0.49303806,1.0,0.0
0.7348593,0.0,1.0,1.0,0.0,0.50663847,0.9725529,1.0
1.0,0.0,0.60011005,1.0,0.9183247,0.0,1.0,1.0
0.2106044,0.7659871,0.8012577,0.2970723,1.0,1.0,1.0,1.0
0.86871946,1.0,1.0,1.0,0.5825411,0.0,0.7235636,0.93004465
1.0,0.64240104,1.0,0.88765734,1.0,0.14329755,0.8452462,0.74334323
0.432503,0.39105967,0.5148147,0.09273348,0.31814307,1.0,0.46700147,0.76235634
0.5866347,0.33171263,0.55470335,0.8277795,0.7611385,0.85820264,0.6570276,1.0
1.0,0.98747575,0.45404285,1.0,0.3743219,0.99104756,0.37245908,1.0
1.0,1.0,0.48820037,0.85595083,1.0,0.65892977,1.0,0.6462281
0.8849545,0.25115165,0.0,1.0,0.8897791,0.52967644,1.0,1.0
0.43286732,0.48024774,0.62867206,0.8171587,0.92120314,1.0,1.0,1.0
1.0,0.6527084,1.0,0.100527376,0.4887908,0.05686708,1.0,0.621109
0.9046536,0.14615133,0.7716975,1.0,1.0,1.0,0.7794208,1.0
0.0010622214,0.5198358,0.0,1.0,0.14519487,0.65140575,1.0,1.0
1.0,0.07445327,0.8254036,0.7549565,0.6271001,0.5763458,0.25679627,0.809456
1.0,1.0,0.4721436,0.0,0.17530833,0.0,0.834246,0.7682173
0.6572674,0.09397191,0.8308327,0.0,0.5983975,0.6316499,1.0,1.0
0.56475645,0.8277918,1.0,0.1138645,0.32101655,0.47771877,1.0,1.0
0.4530644,0.5469363,1.0,1.0,0.0,0.49730408,1.0,0.21176437
1.0,0.0,1.0,1.0,0.0,0.90521467,1.0,1.0
0.96263117,0.0,0.29954743,0.5478036,0.9134477,1.0,0.0073068445,0.56193703
0.0,0.75380284,1.0,1.0,0.0,0.17041096,1.0,0.61956865
0.31429827,1.0,1.0,0.0,0.31472185,1.0,0.666202,0.9997637
0.77566946,1.0,0.8382334,1.0,0.0,0.785893,1.0,1.0
1.0,0.52223426,0.8098311,0.3804952,1.0,1.0,0.76509184,1.0
1.0,1.0,1.0,0.8031583,0.29321265,1.0,1.0,0.97551256
0.16306408,0.3522797,1.0,1.0,0.90877295,0.62216645,1.0,1.0
1.0,1.0,0.91839194,0.29180104,0.0,0.874816,0.5677495,1.0
1.0,0.18785416,1.0,0.0,0.81010437,1.0,0.7284951,0.62313616
0.8774187,1.0,0.0,0.62015134,0.0,1.0,0.98434854,1.0
1.0,1.0,0.68167394,1.0,0.70670354,0.2440885,0.69718367,0.963999
0.90706193,1.0,0.92043847,1.0,0.0,0.7190067,1.0,0.7701146
0.9336856,1.0,0.68037575,0.71524745,0.65681595,1.0,0.40940416,0.6723437
1.0,0.0,0.32644302,0.27831417,0.9906793,1.0,1.0,1.0
1.0,0.8882139,0.842841,1.0,1.0,0.72530943,1.0,0.85955393
1.0,0.88908845,1.0,0.3473803,0.9559876,0.28440145,0.18488376,0.9198465
0.056551136,0.7136143,0.5216913,0.96260846,0.83445483,0.8903316,1.0,1.0
0.9088306,0.22945943,1.0,1.0,1.0,0.8112412,0.8707385,1.0
0.88969344,0.56101036,1.0,0.42777947,1.0,0.08692386,0.61950415,0.76121265
0.32265404,0.0,0.7826057,1.0,1.0,0.9211645,0.6888874,0.9478143
0.85900146,0.4550372,0.98631537,0.31262004,0.0,0.0,1.0,0.62066865
0.85279095,0.60117126,1.0,1.0,0.6559123,0.32677153,1.0,0.020005634
1.0,0.54789305,0.27916893,0.18158637,0.89858496,0.33025432,0.34447598,0.9749862
0.33452648,0.2569745,0.11809517,1.0,0.6474145,1.0,0.40348598,1.0
0.37622374,0.18779948,0.38704124,0.6582666,1.0,0.8619426,0.4971088,0.88268954
1.0,1.0,0.7535683,0.68648505,0.02260921,0.15995897,0.0,1.0
0.94561,0.83159876,1.0,0.14145002,1.0,0.17982008,0.85657114,0.7965928
0.16649371,1.0,0.47910595,0.9820629,1.0,1.0,0.40387693,0.0
1.0,0.32152975,1.0,0.7939087,0.979732,0.30461386,1.0,1.0
0.86707836,0.0,0.0,1.0,0.11421887,0.8481286,0.59974116,1.0
0.40367717,0.0,1.0,0.95431495,0.13185348,1.0,0.722816,1.0
0.24808758,1.0,1.0,0.43241712,1.0,0.8385597,0.42078897,1.0
0.36625174,1.0,0.7223022,0.76127505,1.0,1.0,1.0,0.47372836
1.0,0.59519345,0.0,1.0,0.0,0.3127355,1.0,1.0
1.0,1.0,0.7015865,0.2332822,1.0,0.40949282,1.0,1.0
0.8462551,0.16981533,0.09320246,1.0,0.5428136,0.9773942,1.0,1.0
0.7481702,0.5049178,0.3504412,0.66210306,1.0,1.0,0.36977056,1.0
0.60196596,1.0,0.40084234,0.8614759,0.708743,0.55097914,1.0,1.0
0.72003764,0.26066962,0.39765868,1.0,0.027149951,0.0,0.89916825,1.0
0.3263023,0.7966786,1.0,0.20564435,0.029711643,0.4122501,1.0,1.0
0.9096218,1.0,0.0,0.89954436,1.0,1.0,1.0,0.48108333
0.21257639,0.7732413,0.5384869,0.28426382,0.1884841,1.0,0.7283639,0.0
0.48532996,1.0,1.0,0.0050322134,0.029584866,0.8243848,1.0,0.3652066
0.27764186,0.6563803,0.30483294,1.0,1.0,0.8278795,0.9191079,1.0
0.8465143,0.4830267,1.0,0.55328184,0.8969383,1.0,0.5534095,0.64905095
0.8224933,0.5848389,0.82579356,0.27405074,1.0,0.8804351,1.0,1.0
1.0,0.7803053,0.8736191,0.788916,0.17651202,1.0,0.83498126,0.026287913
0.76897866,0.63898593,0.3949827,1.0,0.5205926,1.0,1.0,0.514122
0.61589116,0.49588364,1.0,0.82777107,0.554359,0.55783087,1.0,0.7342777
0.0,1.0,0.9250054,1.0,0.6546571,0.61719453,1.0,0.6128866
1.0,0.7969241,0.5393421,0.3883218,0.2676698,1.0,0.73033816,1.0
1.0,0.9553216,0.77931195,1.0,0.1294206,0.44495252,0.4773223,1.0
1.0,1.0,0.22835705,0.22438194,0.12868258,1.0,0.83900684,1.0
0.8012624,1.0,0.6578646,1.0,0.87558657,0.50943714,0.85504663,1.0
0.5861803,0.45946625,0.84207916,0.11253566,0.9121807,0.9786561,0.49063358,0.91589004
0.19054075,0.48178595,0.7973662,1.0,1.0,0.2891099,1.0,1.0
0.43627006,0.83509004,1.0,0.54643506,0.28657973,1.0,0.78777045,1.0
0.2928376,0.1004018,0.388436,0.6293183,0.62550956,0.93915087,1.0,0.425037
1.0,1.0,1.0,0.336069,0.10094849,1.0,0.28701133,1.0
0.38132364,0.0,0.48839438,1.0,0.35622388,0.5196094,1.0,1.0
1.0,0.7924309,0.2465206,1.0,0.62958163,0.4954126,1.0,1.0
1.0,0.67094254,0.4921774,1.0,0.5670191,0.8965046,0.8225548,1.0
0.7366558,0.9405654,1.0,0.10448348,1.0,0.8948347,0.5291304,1.0
0.65822846,0.8856007,0.0,0.44980082,0.7199639,1.0,0.7525208,1.0
0.8652583,0.9691393,1.0,1.0,0.86591375,0.85368997,0.75021845,1.0
1.0,0.9143462,0.81113327,1.0,0.0,0.63598627,1.0,0.70749813
0.5835252,1.0,0.53129953,0.23221964,0.7867161,1.0,1.0,1.0
0.43584514,1.0,0.30911732,0.42739683,0.6050748,0.76416504,0.853714,1.0
0.0,1.0,1.0,1.0,0.7033918,0.33327183,1.0,0.55575794
0.5967394,1.0,0.6468742,1.0,0.2938511,0.5200157,1.0,0.6199325
1.0,1.0,0.6035983,0.8458791,0.8960266,0.0,0.8684449,0.79367167
0.25100163,0.9052031,0.24047269,1.0,1.0,1.0,1.0,0.97790134
0.9999924,0.0,0.94851375,0.83743745,0.5343919,1.0,1.0,1.0
0.38748023,1.0,1.0,1.0,0.49215823,1.0,0.073142506,0.51430255
0.607563,0.54767126,0.7234587,0.10457852,0.2785809,0.26595798,0.6369184,0.92294073
0.59654516,0.90822136,1.0,0.5512447,1.0,0.7801259,1.0,0.0
0.95840794,1.0,1.0,0.2891265,0.17431018,0.79334605,0.5905807,0.67344654
0.4340169,0.5215822,0.49956426,0.7398232,0.40698564,0.6888469,0.0,0.88971525
1.0,0.63589984,0.30956906,0.03930132,0.30446416,0.17227618,0.3999763,0.7923361
0.911214,1.0,0.72228324,0.1474984,0.24372488,0.6328807,0.43475193,0.87386197
0.36737618,0.30340126,0.29980934,0.3433962,0.5997054,0.6934179,0.43764856,0.5431079
1.0,0.22880802,0.9320466,1.0,0.92783034,0.7504781,0.59636146,0.44954526
0.5547926,0.58228105,1.0,1.0,1.0,1.0,1.0,0.85121393
0.6842774,0.6600351,1.0,0.75401235,0.82986253,0.19333057,1.0,1.0
0.43762812,0.51964355,1.0,0.43155894,0.79471654,0.16376409,0.78076375,0.035376582
1.0,1.0,0.44764873,0.4845782,0.045891047,1.0,0.78370893,1.0
1.0,0.30318904,0.0,0.48730516,0.9122714,1.0,1.0,0.17332223
0.077237435,1.0,1.0,0.3985419,1.0,0.0,1.0,0.70315194
1.0,0.7558931,0.64326614,1.0,0.9921346,0.38412195,1.0,0.912169
0.9298396,1.0,0.0,0.0,0.7354346,1.0,0.46448562,0.3533122
0.025791828,0.6551576,1.0,0.81239355,1.0,0.3454615,1.0,0.76398563
1.0,0.8588993,1.0,0.61461335,0.8991865,0.3530187,1.0,1.0
0.7619435,0.84380364,1.0,1.0,1.0,1.0,0.81715256,1.0
0.7473924,0.95101154,0.5783798,1.0,0.69859475,0.0,0.7768703,0.72814924
0.676122,0.5274144,0.5790365,1.0,0.86587626,1.0,1.0,0.5055094
0.62409866,1.0,0.34689862,0.3873863,0.45824707,0.87568194,1.0,1.0
0.0,0.7795221,0.2057397,1.0,0.35667163,1.0,0.788582,1.0
1.0,0.569831,0.0,1.0,1.0,0.37189695,1.0,0.6547027
0.6165396,0.40108857,0.34023392,0.35748506,0.57278347,0.29547623,1.0,0.6580596
1.0,0.76123154,0.93932337,0.55377775,0.047906224,0.59626263,0.94811195,0.70066464
1.0,0.96485037,1.0,0.9424374,1.0,1.0,0.80318373,1.0
1.0,0.31246933,0.72495943,1.0,0.43105945,1.0,0.36994594,1.0
1.0,0.5893025,0.9055231,1.0,1.0,0.30364603,0.22794302,1.0
1.0,0.94004464,1.0,1.0,0.4015801,0.9556556,1.0,0.4213398
0.27467927,0.5223658,0.24299027,0.77878696,0.5398186,0.18962453,1.0,0.52373976
0.9644221,0.96703124,0.5072585,1.0,1.0,1.0,0.982506,1.0
1.0,1.0,1.0,1.0,0.40299684,1.0,0.96491647,0.17262171
1.0,0.87777233,1.0,0.3121596,0.9274755,1.0,0.7984068,0.82141244
1.0,0.68690366,1.0,0.45742327,0.77031654,0.0,1.0,0.8160675
0.42741355,1.0,1.0,0.4451654,0.38998917,0.82623553,1.0,0.27342388
0.7428612,0.27810004,0.74786633,0.4785422,0.0,0.8172311,1.0,1.0
0.46837944,1.0,0.7525053,0.57876205,0.18298496,1.0,1.0,1.0
1.0,1.0,0.97174925,0.4850324,0.0,0.57082945,0.917508,1.0
1.0,0.4110098,1.0,1.0,1.0,1.0,0.4408935,1.0
1.0,1.0,0.02887912,0.6291788,1.0,0.46586433,1.0,0.75168145
1.0,1.0,1.0,0.75070155,1.0,1.0,0.5921799,1.0
0.69129074,0.005602051,1.0,1.0,1.0,1.0,1.0,1.0
0.31265762,1.0,0.7942218,0.6905948,1.0,1.0,1.0,0.58542794
0.23044291,1.0,0.51514477,0.61146265,0.049853913,0.5761264,0.7463426,0.83368343
0.76541674,0.8129109,1.0,0.14742985,0.46720946,0.0,0.88477576,1.0
0.981325,0.58908296,1.0,0.9648707,0.676755,1.0,1.0,1.0
0.95640075,1.0,0.9226849,0.23971172,0.6168014,0.5981719,1.0,0.57835126
1.0,0.8108492,1.0,1.0,1.0,0.80619335,0.68496794,0.16994606
1.0,0.5296956,1.0,0.2318619,0.40111253,1.0,0.9960028,0.98706114
1.0,0.8990289,0.2602207,1.0,1.0,0.9992717,1.0,0.54043114
1.0,0.32918867,0.30330408,0.4944401,0.82684475,0.9841486,0.4634063,0.96634424
0.7439181,0.44966462,0.09388297,1.0,0.9776893,0.6638542,1.0,1.0
0.92513734,1.0,0.7961617,0.38742748,0.6825633,0.01664258,0.98395103,1.0
0.78251195,1.0,0.8927235,0.0,1.0,0.516922,1.0,0.2792619
1.0,0.567585,1.0,0.76263076,0.20704761,1.0,0.018543392,0.54209614
0.8418156,0.7597048,1.0,0.7843366,0.0,0.37613344,1.0,0.7086863
1.0,1.0,0.71927756,0.71618056,0.879304,0.23698771,1.0,1.0
0.0,0.35289085,0.9731404,0.74560076,1.0,0.4911884,1.0,0.74967563
1.0,0.5035121,0.82022613,0.45935076,0.6096388,1.0,0.9283143,1.0
0.37494174,1.0,1.0,1.0,0.44294694,0.666895,1.0,0.16016908
0.6660838,0.54317546,0.13825518,0.0,0.074704334,0.79971164,1.0,1.0
1.0,0.31958503,0.6261842,0.34601197,0.0,0.88910776,1.0,0.98621523
1.0,0.448581,0.24737795,0.0,0.16160509,0.6396389,0.7779046,0.42473227
0.0,1.0,0.34174374,1.0,1.0,0.5374708,0.68941003,1.0
0.94499195,0.52017516,0.02079083,0.73139447,0.304026,0.34895796,1.0,1.0
0.8091838,0.79180306,0.8524049,1.0,0.3707735,0.93204623,0.0053938073,1.0
1.0,0.28632537,0.53595704,1.0,0.0,0.8676065,1.0,1.0
0.7435919,1.0,1.0,0.7712748,0.0514064,0.35096744,1.0,1.0
0.5956946,0.4104347,0.5853867,1.0,0.60987824,0.759497,1.0,0.26196846
0.99103683,1.0,0.0,0.5563509,1.0,0.6772934,1.0,1.0
0.0,0.82320213,1.0,0.33345145,0.582283,0.82936054,0.6941264,0.825752
0.8917781,1.0,1.0,1.0,0.78433824,0.4563061,0.28804865,1.0
0.0,0.88698214,0.68247,1.0,0.19189437,1.0,0.9905246,1.0
0.28124222,1.0,0.25569355,1.0,0.69951046,1.0,1.0,0.79460883
1.0,0.6454956,0.017156234,0.14523116,0.35269216,1.0,0.90437794,0.8781657
1.0,0.96945274,0.22994517,0.48148537,1.0,0.8777854,1.0,1.0
0.8974047,0.31941903,1.0,0.0,0.0044306973,0.40382925,0.40143815,1.0
0.647391,0.2650311,0.67239666,0.38353702,0.467274,1.0,0.847819,0.9696102
0.7265022,0.6243123,0.95618176,0.82455003,1.0,0.59731394,1.0,0.5724191
1.0,1.0,0.47810057,1.0,0.86908823,0.3774969,0.0,1.0
0.0,1.0,0.8522122,1.0,0.5878394,0.9647853,0.96588236,1.0
0.4508648,1.0,0.6750261,1.0,0.27688932,1.0,1.0,0.7123301
1.0,1.0,0.0,0.9751976,0.71058095,0.7531104,0.9897687,0.9159249
1.0,1.0,0.29138386,0.8324249,0.0,0.0,1.0,1.0
1.0,0.53946954,1.0,1.0,0.3221727,0.9979758,0.45466504,0.86261487
0.999058,0.37851983,1.0,0.19091617,0.43445596,0.6761672,1.0,0.90693617
0.636361,0.4268958,1.0,0.44987604,0.21251349,0.87836283,0.9200993,1.0
0.0,0.096877344,1.0,0.0,0.0,0.0,1.0,0.73123485
1.0,0.0,0.78913206,0.99478924,1.0,0.4429335,0.2995136,1.0
1.0,0.7999657,0.6972368,0.87104553,0.54787266,0.75395614,0.38169298,1.0
0.8928296,1.0,0.5098588,0.772373,0.9984371,0.0,0.5817193,1.0
0.5680027,1.0,1.0,1.0,1.0,1.0,0.8678054,0.6193292
0.80574733,1.0,0.24378815,0.9564964,1.0,0.7474475,0.8571746,1.0
0.59430707,0.31232876,0.9178355,0.9547353,0.48129156,0.72195256,0.47156855,0.8465761
0.62825376,0.28400996,1.0,1.0,0.7767048,0.5707205,0.33572266,0.53684664
1.0,0.8969673,0.7308077,1.0,0.78067034,1.0,0.5820444,0.32706514
0.32036045,0.9137821,1.0,1.0,1.0,0.0,1.0,0.7792919
0.3771692,0.009692567,1.0,1.0,0.40160614,1.0,1.0,1.0
0.87019086,0.90832,0.69470614,1.0,0.7467041,0.91383946,0.031841718,1.0
1.0,0.04141871,0.79033566,0.5282091,0.41176817,0.0,1.0,0.84586865
1.0,0.9570438,0.6093546,1.0,1.0,0.10553539,0.6614295,1.0
0.5420348,0.0,0.771701,0.0,1.0,0.86402416,1.0,1.0
0.6933437,1.0,1.0,1.0,1.0,0.117989,1.0,0.48573402
0.8741955,1.0,1.0,1.0,0.2885281,1.0,0.28856435,0.5700555
0.060599625,0.9853423,1.0,0.17842254,1.0,0.8034929,0.47154188,0.025982952
0.8681943,0.672816,0.0,0.7663257,0.46674895,0.73430955,0.6037067,1.0
1.0,0.6527507,1.0,0.46407253,0.5802082,0.2568786,1.0,0.033384357
0.80600345,1.0,0.6650534,0.51758623,0.8201383,1.0,0.19990757,1.0
0.080625094,1.0,0.23404492,1.0,0.81759006,0.90695083,1.0,1.0
0.70277596,1.0,0.6042283,0.47379643,0.46062323,0.32363635,0.9073101,1.0
0.13146925,0.8350063,0.28298482,0.65578365,1.0,0.57554746,1.0,1.0
0.15819748,1.0,0.73581755,1.0,0.6905434,1.0,1.0,1.0
1.0,0.7307717,1.0,1.0,0.5952048,1.0,1.0,1.0
0.7993149,0.76160693,0.6281255,0.7585275,0.67712677,0.24504367,0.9467205,0.9029775
1.0,1.0,0.20795725,1.0,1.0,1.0,1.0,1.0
0.6804865,0.79095936,1.0,1.0,1.0,0.93831146,1.0,0.045825712
1.0,0.8572337,1.0,0.5139837,0.0,0.78781253,0.5805008,0.83354396
0.1916233,0.55481607,0.4920677,0.97352934,0.6527071,1.0,1.0,0.890893
1.0,0.876826,0.70204866,1.0,0.42161018,0.60660946,0.88379306,1.0
1.0,1.0,1.0,0.9880612,0.70156556,1.0,1.0,1.0
0.48886514,0.3528228,0.8650685,0.60197765,0.0,0.18454644,1.0,1.0
0.65548563,0.0,1.0,1.0,0.78240454,0.7323154,1.0,0.40844968
0.78109425,0.0,0.55406976,0.6174327,0.5116572,1.0,0.5937257,0.6522727
0.67219394,1.0,0.96874446,0.6398067,0.51535183,0.59049124,1.0,0.052481752
1.0,0.49865314,0.9596869,1.0,1.0,1.0,1.0,1.0
0.7971869,1.0,0.790933,0.8043639,0.3859378,0.94961244,0.501768,1.0
0.8801774,0.6840493,0.67082125,1.0,0.28827688,0.0,0.9132122,0.7862413
0.30963618,1.0,0.0,0.81008303,0.98263085,1.0,1.0,0.32954642
0.0,0.856804,1.0,0.9536396,0.0,1.0,0.95499265,0.686575
1.0,0.469411,0.27785408,0.58212036,0.9594954,0.74745005,1.0,1.0
1.0,1.0,1.0,0.6151899,0.889421,1.0,1.0,0.841923
0.0,0.0,1.0,1.0,0.8707698,0.8070713,0.84305805,1.0
0.90217596,0.82878613,0.0,0.0,0.8710025,1.0,1.0,0.44350958
0.66767186,0.55190724,0.587555,0.46495816,1.0,0.9366421,0.3462082,1.0
0.4864608,0.88922375,0.45595497,0.058967948,1.0,0.5784244,1.0,0.36120853
1.0,0.5997882,0.0,0.5303124,0.7600303,0.7958717,0.5506144,0.4941782
0.0,0.0062379614,1.0,0.0,0.19567086,0.16637799,0.96942884,1.0
0.5761977,1.0,0.7570483,1.0,0.16425951,0.0,1.0,1.0
1.0,0.83717644,1.0,0.0369734,0.1536278,0.14931585,0.55700284,0.20328754
0.0,1.0,0.511682,0.9941209,0.0,1.0,0.09814095,1.0
1.0,0.5708807,0.8232469,0.69378287,0.55052465,1.0,0.84860986,1.0
1.0,0.347356,0.6646543,0.47922006,0.0,1.0,1.0,1.0
0.5841437,0.7923601,0.73226744,1.0,1.0,1.0,1.0,1.0
0.020558124,0.5617722,1.0,0.73440844,1.0,0.4078985,1.0,0.98860997
1.0,0.6745998,0.0,1.0,1.0,1.0,1.0,0.55942076
0.40203604,0.47858146,0.51669633,0.43427038,0.0,0.32900566,1.0,0.36066493
0.23855709,1.0,0.37791073,0.1072709,0.34524468,1.0,1.0,0.7263246
0.7320297,0.41959855,1.0,1.0,0.42453763,1.0,1.0,0.6093074
1.0,1.0,1.0,1.0,0.06531601,1.0,0.47278404,1.0
1.0,1.0,1.0,1.0,0.85124356,0.83664095,0.5611686,0.8235244
0.57849675,0.8118798,1.0,0.08104482,1.0,0.46932194,1.0,0.8281954
0.4352844,0.71149,0.0,0.18264724,0.7806585,0.10064857,0.31402764,0.73671305
0.029680692,1.0,1.0,1.0,0.53870034,0.15507598,0.60660595,0.26297233
1.0,0.92561626,0.12862079,0.6150202,0.0,0.0,0.0,1.0
0.59155166,0.0,0.7376834,0.74783707,0.0,0.0,0.6381884,0.895074
0.37226927,0.32517228,1.0,0.4565558,1.0,0.88427836,1.0,0.64793223
0.7734697,0.27112964,0.3590802,0.73588043,0.83481246,0.6697215,0.8181465,1.0
0.3393689,0.114608824,1.0,1.0,0.4589988,0.5642802,1.0,0.8449086
0.49791583,0.63884723,0.0,0.0,0.76724833,0.9472889,1.0,0.22712651
1.0,0.6987613,1.0,0.27914152,0.12742057,0.54384226,0.9694769,0.6705078
0.0,0.0,0.47307825,0.59703094,1.0,0.5216361,0.24513535,1.0
0.7207081,0.15073997,1.0,1.0,0.0,0.0,0.5792877,1.0
0.8909558,0.568106,1.0,0.6494107,0.7154323,0.49725083,1.0,0.96892995
1.0,0.9669313,1.0,1.0,1.0,0.1942888,1.0,0.7661114
1.0,0.50297546,1.0,0.73176295,0.14154083,0.48136392,1.0,0.096252866
0.31932646,1.0,0.8883244,1.0,1.0,0.47555375,1.0,0.9584593
0.58135253,1.0,0.7647757,1.0,1.0,1.0,1.0,1.0
0.24881522,0.7953792,0.67758626,0.0,1.0,1.0,1.0,0.2779763
0.0,0.53996104,0.5945396,1.0,0.076542705,0.7467065,0.7304768,1.0
1.0,0.61772287,1.0,0.6940588,1.0,0.15524594,1.0,0.2434928
0.8635256,0.44303092,1.0,0.043675393,1.0,0.84649533,1.0,0.17632802
1.0,1.0,0.96802074,1.0,0.39081025,1.0,1.0,0.93464565
0.7739775,0.92332697,0.12299249,0.61991554,0.38328245,0.77493405,0.59900147,0.0
0.03235791,0.25642082,0.5222637,0.39248085,0.6557243,0.95976275,0.61880285,1.0
1.0,0.9758758,0.7055614,0.3257122,0.0,0.0,1.0,0.6821719
1.0,0.7536388,1.0,1.0,1.0,1.0,1.0,0.34693626
0.7324071,0.922829,0.7475852,0.998238,0.0,1.0,1.0,0.57469004
0.4075232,0.9672958,1.0,0.5113674,0.4737328,0.6891803,0.77698207,1.0
0.69228214,0.7156353,0.0,0.6620721,0.8980649,1.0,1.0,1.0
0.67684835,1.0,0.0,0.63011235,1.0,0.5961243,0.40362152,0.710991
0.44868186,0.32048,0.98178935,0.8400947,0.73447174,1.0,1.0,1.0
0.2718229,1.0,0.62443197,0.9683606,0.36715966,0.55227077,1.0,1.0
0.0,1.0,0.86996686,0.5397815,0.0,1.0,1.0,0.0
1.0,0.36431462,0.0,1.0,0.5921232,0.60056216,0.4210525,1.0
1.0,0.6908915,0.28308117,0.9830075,0.018502783,0.4791597,1.0,0.9317967
0.8782105,0.72620976,0.68915564,0.6140548,0.88957864,0.41186157,0.69151694,0.5665967
0.59913903,0.98099643,0.76248467,0.9356157,0.7936553,0.79900396,1.0,0.875375
1.0,0.94963276,1.0,0.9078478,0.5813541,1.0,0.024028534,0.85914767
1.0,1.0,0.6401262,0.7280282,0.31532493,0.12150237,0.85922617,0.08635603
0.8122052,0.7424606,0.6245271,0.3465719,0.6253668,0.7288927,1.0,1.0
0.354692,0.35127017,1.0,0.6499377,0.5802133,0.25627527,1.0,0.75023305
1.0,0.34392384,0.5769362,0.90244883,0.26811165,0.3434511,1.0,0.86076885
0.6255153,0.5394864,0.4848061,0.10178347,1.0,0.24846217,1.0,0.5446503
1.0,0.8156042,0.58183193,0.9068297,1.0,0.66349566,0.7744106,0.7837419
1.0,0.42522332,0.15388939,0.8495218,0.91174173,0.15895006,1.0,0.52339935
0.9328123,0.83710116,1.0,1.0,0.80143136,0.8568918,0.79040176,0.53685445
0.99385035,0.4641575,1.0,0.7932088,0.21308312,0.80056304,1.0,0.29092678
0.42445466,1.0,1.0,0.9921414,0.8850577,0.42291185,1.0,0.36385378
0.7423544,1.0,1.0,0.7280626,0.0,0.699054,1.0,1.0
1.0,0.8597747,0.758903,0.64482903,0.6742842,0.92028636,1.0,1.0
1.0,1.0,0.24489546,0.8986371,0.10988792,0.8442923,0.2236411,0.768982
0.0,1.0,1.0,1.0,0.6161313,0.42028555,0.0,0.8174723
1.0,0.0,0.86416054,0.2249778,0.21567264,0.4431091,0.8068994,0.69323456
1.0,0.8830238,0.76755744,0.6269663,0.041722264,1.0,1.0,0.8589634
1.0,0.46285903,0.15849957,1.0,0.7457069,0.3862123,0.18173286,0.9756785
1.0,0.17670916,1.0,0.74165446,1.0,0.441199,1.0,1.0
0.36612204,1.0,1.0,0.5748248,0.0,0.8232832,1.0,0.6084951
0.29315296,1.0,0.4283753,0.9969494,0.34073755,0.5648097,1.0,0.8222247
0.3094361,0.69059837,1.0,0.7987854,0.81118715,0.34364617,1.0,0.43591723
0.20803474,0.500178,0.32852837,0.7018677,0.0,1.0,1.0,0.15562135
1.0,1.0,0.0,0.5765482,0.5987781,0.0,0.0,0.5981175
0.86591476,1.0,0.849307,0.7732327,0.10266135,1.0,0.8975423,1.0
0.48553622,1.0,0.95674884,0.6375305,0.7298618,0.6310495,1.0,1.0
1.0,0.6461147,1.0,1.0,0.79902,1.0,1.0,0.79363775
0.4152637,0.7627196,1.0,0.41766712,0.32285646,0.903107,0.70487815,0.68730867
1.0,0.41765246,1.0,0.5941442,0.36488184,0.65930843,0.86194885,1.0
0.34525874,1.0,0.22972716,0.037958767,0.9821378,0.06494737,0.390546,0.91227484
1.0,0.8762388,1.0,0.13374242,0.5014579,0.0,0.36225885,1.0
0.1968771,0.448113,0.4392806,0.46181226,0.28888896,0.89886314,1.0,1.0
0.67453265,0.40881467,0.6934193,0.63122964,0.20937367,0.73234457,0.36751565,0.48199812
0.85471857,1.0,0.6029782,0.0,0.32071817,0.28543112,0.73366785,1.0
0.5192863,0.22484553,0.4964378,0.109057285,1.0,0.17238449,0.75958455,0.8552301
0.92659336,0.5677358,1.0,0.89229417,0.20779957,1.0,1.0,0.8463867
0.22112763,0.6400309,0.69231075,0.22197238,0.79832315,1.0,0.7695237,0.77402586
1.0,1.0,1.0,0.9629715,0.36650702,0.017628815,1.0,1.0
1.0,1.0,0.44359374,0.7747041,1.0,1.0,1.0,0.8753687
1.0,1.0,0.57258505,0.45051935,1.0,0.18259633,0.60727817,1.0
0.76699096,0.050381985,0.90117,1.0,1.0,1.0,0.8754492,1.0
0.64787984,0.028555026,0.5331888,0.26064426,0.8022225,0.077812634,0.6149552,1.0
1.0,0.62117946,0.7351309,0.8388915,0.9377598,0.2678627,1.0,1.0
0.7648601,1.0,1.0,0.80661863,0.21388799,0.28218368,1.0,1.0
1.0,0.9647451,0.0,1.0,0.40184608,1.0,1.0,0.7189286
1.0,0.0,0.06980971,1.0,0.7137294,0.67319816,1.0,0.9474445
0.9286923,0.36685336,0.21373297,0.545678,0.21105894,0.36249223,1.0,0.85083324
0.7922591,0.39599773,0.5092566,0.5144095,1.0,0.0,1.0,0.73395467
1.0,0.8174174,1.0,1.0,1.0,0.6751229,1.0,0.45438206
1.0,0.7602629,0.09810951,1.0,1.0,0.37175614,1.0,0.20671448
0.57017654,0.12255079,0.8610105,0.88704073,0.85898167,0.7028776,1.0,1.0
0.8059945,1.0,0.46612498,1.0,0.79414326,0.58623177,0.28972232,1.0
0.5551806,0.17388947,0.31725278,1.0,1.0,1.0,0.3187889,0.30417657
0.35671076,1.0,1.0,1.0,0.0,0.7937237,0.9961528,0.09752833
1.0,0.57715994,0.5650146,0.90831655,0.69964176,0.82069814,0.68412507,0.974749
1.0,0.098123245,0.87425077,0.77549034,0.71639377,0.8766055,1.0,0.22513856
1.0,1.0,0.37536216,1.0,0.31188494,0.3166023,0.7348798,1.0
0.0,0.4983546,1.0,1.0,0.7850945,1.0,1.0,0.48551944
0.9860958,0.8070558,1.0,0.8346073,0.0,1.0,1.0,0.29144967
1.0,0.32293656,1.0,0.72336185,1.0,0.42833522,1.0,1.0
0.0,0.55665064,0.021184854,0.10718527,0.23625085,0.3359048,1.0,1.0
0.5521957,1.0,1.0,0.80606484,1.0,0.63412535,1.0,0.5544393
0.958899,1.0,0.84707665,0.51881224,0.88556975,0.71657205,1.0,1.0
0.60195065,0.98573047,1.0,1.0,0.5332294,0.9509796,1.0,0.878392
0.77524096,0.0,1.0,0.0,1.0,0.21792816,0.75115204,1.0
0.5846689,1.0,0.22984909,0.07658875,0.36913633,0.0,1.0,0.43295428
1.0,1.0,1.0,0.0,1.0,0.36259225,0.39327344,0.2369218
0.38293767,0.33869264,1.0,1.0,0.5311244,0.59523964,0.57495123,0.759717
0.6867001,0.8463548,1.0,0.0,0.48993424,0.46135017,0.7963101,0.9315033
0.7405219,0.47334525,1.0,1.0,0.8690426,0.0,0.56682074,1.0
0.6807122,0.6973336,0.25640932,0.8926636,0.8102226,0.33440664,0.73494375,0.7354481
1.0,0.5087455,0.93649673,0.03335205,1.0,0.31403467,0.0,0.84878397
0.7876522,0.33264175,0.31281304,0.5911831,0.6357521,0.24947138,0.32355416,0.26697302
0.6570489,1.0,0.0,0.9741027,0.446332,0.5429199,0.7964982,0.28056613
1.0,1.0,0.82000715,1.0,0.81894743,1.0,1.0,1.0
0.43495005,0.9664952,1.0,0.0,0.39017043,0.5645014,0.0,1.0
0.018498266,0.73870546,0.34853044,0.9058671,0.7987863,1.0,0.92582715,0.6114728
0.97754866,0.1228553,0.4561531,0.46312606,0.0,0.2427315,0.5496476,0.21931973
1.0,0.6972678,0.22169802,0.7272702,0.29506236,0.75647736,0.17691937,0.70092756
0.72196734,0.7313149,0.5409458,1.0,0.47791815,1.0,1.0,0.7636366
1.0,0.097849056,0.7523402,0.31026113,0.37323996,0.47427332,1.0,1.0
1.0,0.61176705,0.99064684,0.9486205,0.61554116,0.90268886,1.0,0.4196688
1.0,0.3742126,0.77219874,0.98173046,0.65225464,0.6382507,0.9177358,1.0
1.0,0.50539047,0.878793,1.0,0.72750276,0.96633136,0.0,1.0
0.0,1.0,0.33634526,0.4397071,0.9067265,0.24014512,1.0,1.0
1.0,0.0,1.0,0.5691143,1.0,0.08725472,1.0,1.0
0.24914308,0.1544973,0.9883196,0.98899573,1.0,0.5728841,0.51353574,1.0
0.53425014,0.35150534,0.783116,0.54641736,1.0,0.3410206,0.8076217,0.55547094
1.0,0.0,0.6015486,1.0,0.0,1.0,1.0,1.0
0.98380756,1.0,0.6748643,0.0,0.0,0.27369913,1.0,1.0
0.38966167,0.949666,0.3143845,0.38258564,0.38571444,0.71987146,0.6725438,1.0
0.7770225,0.46790367,1.0,0.0,1.0,1.0,0.7939347,1.0
1.0,0.42093801,0.42269176,1.0,0.053682264,0.5398719,0.69467616,1.0
0.70368165,0.95531696,0.09071789,0.17484863,0.4769649,1.0,1.0,1.0
0.58784854,0.9362129,0.5700392,0.9069828,0.80077916,0.38180622,1.0,1.0
0.7925585,1.0,1.0,1.0,1.0,0.8901583,0.8296057,0.6099617
1.0,0.028926963,1.0,1.0,1.0,0.0,0.9579198,1.0
0.49626756,1.0,0.7448217,1.0,0.0,0.72778946,0.51077855,0.41881928
0.93704164,0.95743555,1.0,0.5239253,0.2872263,1.0,0.70544857,0.9615288
1.0,0.5130437,1.0,0.609031,1.0,1.0,0.9342706,0.1929111
0.32569918,1.0,1.0,0.589804,0.11926319,1.0,1.0,1.0
0.47950503,1.0,1.0,0.5866132,0.70170325,1.0,1.0,0.50300604
1.0,0.0,1.0,0.5351971,0.4761383,0.0,0.6729921,0.8652082
0.7929666,1.0,0.69193065,1.0,0.019555692,0.7089846,1.0,0.6363254
1.0,1.0,0.58794266,0.51459855,0.0,1.0,1.0,0.5625491
0.9071143,0.6997923,0.46589932,0.88999,1.0,0.6554282,1.0,1.0
0.91291314,0.5025172,1.0,1.0,0.31354374,0.25948405,0.55920094,0.45679092
1.0,0.4382456,1.0,1.0,0.40646628,0.6055779,1.0,1.0
1.0,1.0,0.9472592,0.865617,0.87355876,1.0,0.85018355,0.0
1.0,0.0,0.004863906,0.3121493,1.0,1.0,0.3414719,1.0
1.0,0.6471473,0.78748435,1.0,0.2780376,0.0825933,1.0,0.855707
0.9782536,0.792922,0.9736415,0.8765664,0.4971198,0.15113549,0.2537761,1.0
1.0,1.0,0.42330098,0.05214517,1.0,1.0,0.36174718,1.0
0.5957248,1.0,0.659375,0.88397586,1.0,0.384061,0.5999291,0.8562995
0.69055337,1.0,1.0,0.9663278,0.041464582,0.31295395,0.79903084,0.22564612
0.6367291,1.0,1.0,0.0,0.13779807,0.9314831,1.0,0.56784356
0.40619746,0.9911999,0.9432132,0.86515903,0.22452077,0.93810743,0.97467726,1.0
1.0,1.0,0.9781141,0.0,1.0,0.5413499,0.77434886,0.37499398
1.0,1.0,0.55893946,0.7202736,1.0,0.0,1.0,0.233697
0.46469632,0.6451082,0.8775529,0.85446733,1.0,0.892641,0.57841253,1.0
0.0,1.0,1.0,0.5883579,1.0,0.0,0.8448357,0.62761414
0.9894722,0.66473556,0.0,0.5279803,0.271463,1.0,1.0,0.99344814
1.0,1.0,1.0,0.9766703,0.481822,0.8193395,1.0,0.048671708
0.9183741,0.84947467,0.20032747,0.5471096,0.6944491,0.9077715,0.94181174,0.764041
0.5223926,0.48898333,0.32908714,1.0,0.55052483,0.49178368,0.9944859,1.0
1.0,0.85506016,0.30446628,0.4495593,1.0,1.0,0.83644176,0.8985387
0.19595861,0.0,0.4215588,0.63284475,1.0,0.650654,1.0,1.0
0.7793125,0.8636104,0.9660481,1.0,1.0,0.92092776,0.5160453,1.0
0.23173404,1.0,0.0,0.9782855,1.0,0.9004777,0.98010314,1.0
0.895061,0.0,0.83112043,0.97183776,0.6863611,0.8085536,0.55641377,1.0
1.0,1.0,0.020794721,1.0,1.0,0.77226835,1.0,0.7576227
0.27125224,0.8815562,0.70701385,0.008441948,0.77416956,0.5209653,1.0,0.39817426
0.36784753,0.647301,0.4764179,0.0,0.0,1.0,1.0,1.0
1.0,0.68534863,0.8983621,0.49483374,0.119426064,0.88457024,1.0,0.3834996
1.0,0.0,1.0,0.7120981,1.0,0.35150242,0.100710675,0.35927695
0.57414514,1.0,1.0,0.20873593,0.2693586,1.0,0.65411824,0.0
0.43851158,0.8412326,0.21340276,1.0,0.45152423,0.41773993,0.46292588,1.0
0.61948675,0.05528217,0.825583,0.34974095,0.4994766,1.0,0.4430896,0.76145047
0.4838665,0.94508916,0.6489542,0.1406439,1.0,0.8950951,1.0,0.49792093
1.0,0.68823296,1.0,0.31818494,0.0,1.0,1.0,1.0
0.15509047,0.9581776,1.0,0.0,0.49674112,0.6160074,0.5848324,0.9416706
1.0,0.8673156,1.0,1.0,0.77311015,1.0,0.30274135,0.77808475
1.0,0.8462876,1.0,0.6451137,1.0,0.75447935,0.7909721,1.0
0.5772894,0.9216001,0.3987055,1.0,0.47491524,0.2479163,0.92195475,0.96843743
0.5740898,0.2381915,0.7277908,1.0,0.0,0.0,0.36308312,0.28688666
1.0,1.0,1.0,1.0,0.0,0.1756605,1.0,0.88287455
0.9320591,1.0,0.7713865,1.0,0.36825672,0.81448424,0.23292403,0.64032793
0.25702262,1.0,1.0,0.6027985,0.7172749,0.0,1.0,1.0
0.94345856,1.0,0.40116924,0.7154554,0.66953534,1.0,0.6861671,0.9804839
0.75569546,0.92714864,0.33480814,0.7027632,0.0,0.35524386,1.0,1.0
0.8958166,1.0,0.24544562,1.0,0.96402305,0.74664724,0.9941336,1.0
1.0,0.41883504,0.8299096,0.94835544,0.32866144,1.0,0.60749954,0.5049499
1.0,1.0,1.0,0.8170817,1.0,0.5501708,0.78048617,0.27591416
0.18111616,0.66143084,0.55939853,0.25636336,0.7960567,0.67569363,0.5321753,1.0
0.17347638,1.0,1.0,0.7568853,1.0,1.0,1.0,1.0
1.0,0.9787463,1.0,0.34076285,1.0,0.5063168,0.6788542,0.57816136
1.0,1.0,1.0,0.6762916,0.0,1.0,0.92662287,0.5431871
0.8603543,0.86931306,0.1747692,0.6079849,1.0,1.0,0.9725397,1.0
0.13648956,1.0,1.0,1.0,0.70221233,0.5602096,0.6389147,0.47573823
1.0,0.67908144,0.05255249,0.3797658,0.9232285,0.8045579,1.0,0.3492441
1.0,0.43876222,0.5651371,0.0,1.0,1.0,0.36529285,0.2331813
0.2881168,0.8617141,0.9072539,0.3217438,0.29025593,0.0,0.0,0.28145656
1.0,0.0,0.90137845,0.68533504,0.38714445,0.53773683,1.0,0.9100356
0.58165157,1.0,1.0,0.6657788,0.19093677,0.36261007,0.5742437,0.8794513
0.2987833,0.14951003,0.9158409,0.24303813,0.45984706,0.17294645,0.48245758,0.66888094
0.46928683,0.94868046,0.3093714,0.26904646,1.0,0.21950494,1.0,0.10148593
0.6223174,0.82203054,0.38243374,0.14608124,0.2890952,0.0,0.76299125,0.51152635
0.5239356,0.1349983,1.0,0.53983563,0.4144516,1.0,0.9543529,1.0
0.7384047,1.0,0.64843637,0.0,0.68857443,1.0,1.0,1.0
0.8939137,0.0,0.26300117,0.9312694,0.21078004,1.0,1.0,1.0
0.20334299,0.00059313304,1.0,0.23349209,0.30552167,0.83761525,1.0,1.0
0.21697481,0.9508197,1.0,0.72769713,1.0,0.0,1.0,1.0
0.9783302,0.2614403,0.88560325,1.0,0.7844777,1.0,0.43491682,0.4632367
0.3028358,0.089858025,0.9503869,0.9211695,1.0,1.0,0.2865923,0.69180363
0.6885289,0.9927632,0.750114,0.74133754,0.0,0.98700196,0.8706415,1.0
0.0,1.0,0.5303366,1.0,0.47802365,1.0,0.8489854,1.0
1.0,1.0,0.47069559,0.37439263,0.8431967,0.5621909,0.92106855,0.9581227
0.27850443,0.7180103,0.6450971,0.70007473,1.0,0.0,1.0,0.7538705
1.0,1.0,0.6618649,0.6116977,1.0,0.05255987,1.0,0.7416844
0.6334996,0.50604504,1.0,0.2967164,1.0,1.0,0.6403354,0.845795
0.7928893,0.93707734,0.10900556,1.0,0.80851406,0.0,0.1401276,1.0
1.0,0.8248479,1.0,0.8188062,1.0,0.23719671,0.89247024,0.0
1.0,1.0,1.0,0.5610828,0.50898063,1.0,0.0025564723,1.0
0.6570884,1.0,0.13762726,0.9854743,1.0,0.4828768,1.0,1.0
1.0,0.8550094,1.0,0.9603579,0.73753196,1.0,0.9961534,1.0
0.9459567,1.0,0.40101263,0.3761527,1.0,1.0,0.09474179,0.52406013
1.0,0.9473591,0.5833094,0.0,1.0,1.0,1.0,0.72159576
0.87318724,0.6365014,0.36032695,0.0,0.68517274,0.85857403,1.0,0.6877624
0.0,0.53423804,1.0,0.72248346,0.43402246,0.47977614,0.019115798,1.0
0.5502981,0.6071762,0.6533664,1.0,1.0,0.3082837,1.0,0.0
0.74834347,1.0,1.0,0.32741636,0.32072923,1.0,0.42718855,1.0
0.7051491,1.0,0.8394969,0.4646633,0.702238,0.9337501,0.40139985,0.82940453
0.3487321,0.22381334,0.24392036,1.0,0.77981186,0.98431647,0.22993317,1.0
1.0,0.28410378,1.0,0.2614239,0.08112762,0.79963124,0.77037597,0.8901437
1.0,0.90899,1.0,0.52029973,1.0,0.28885487,0.3508137,1.0
1.0,1.0,0.59545195,0.0,0.46325105,0.8070822,1.0,1.0
0.0,0.020430729,0.47172526,0.4564179,0.46169797,0.29449114,1.0,1.0
0.5862272,0.42269254,1.0,1.0,1.0,1.0,1.0,1.0
0.68865466,0.04399884,0.3304996,1.0,0.33492833,0.19357699,0.5656375,1.0
0.0,0.87042284,0.90695053,1.0,0.0,0.3894056,1.0,1.0
0.84687555,1.0,1.0,0.8099114,0.98711675,0.71007913,0.46823052,1.0
0.0,1.0,1.0,0.60051864,0.0,0.24108097,0.6258068,0.5707938
0.0,0.7375162,0.13731924,0.0,1.0,0.40791464,0.24548423,0.83739305
0.96997386,0.5692461,0.06479146,0.6337441,0.16002488,0.6675484,0.2867763,0.0
0.0,0.5825414,0.71203595,1.0,1.0,0.0,0.23593584,0.63534755
0.60564977,1.0,1.0,1.0,0.23496038,0.93971807,0.13978907,0.61418283
0.95760125,0.5863355,1.0,1.0,0.6828015,1.0,0.1622061,0.9434193
1.0,0.6345545,1.0,1.0,0.034800187,0.3646209,1.0,0.91510004
0.14528133,0.7768121,0.49710804,0.0,1.0,0.7159763,0.7096319,0.5443529
0.59146637,0.9343201,0.487878,1.0,0.5123028,0.424018,1.0,1.0
0.26236778,1.0,1.0,1.0,1.0,0.6428044,0.22592615,0.21991937
0.6940083,0.2035006,0.7853098,0.67509556,0.7088134,0.8805679,1.0,1.0
0.78911877,0.41305417,1.0,0.23766553,1.0,1.0,0.7533266,0.7971204
0.8401384,1.0,0.69755584,0.6113374,0.54441017,1.0,1.0,1.0
0.86426187,0.51010746,1.0,1.0,1.0,0.19031984,0.91048807,0.03036746
1.0,1.0,0.0,1.0,0.8961633,0.9267938,0.39546812,0.9933962
0.75356257,1.0,0.43850937,0.06235302,0.47436267,0.5115044,1.0,0.85774404
0.43844506,1.0,0.8704479,1.0,0.6759252,1.0,0.8577079,1.0
1.0,0.61307937,0.76752836,1.0,0.4871882,0.9963401,1.0,0.58791006
0.1765972,0.41463232,0.5398159,0.4360258,0.5867645,1.0,1.0,0.41714674
0.7826332,0.89610136,0.58976257,0.64211786,0.049982388,1.0,0.6057388,0.82907075
0.19117652,1.0,1.0,0.98034954,1.0,0.37201706,1.0,0.0
1.0,0.65108883,1.0,0.29654846,0.3274197,0.0,0.70421565,0.443842
1.0,1.0,0.42646202,0.5491116,0.8822611,1.0,1.0,0.9558049
1.0,0.42252284,1.0,0.44179755,1.0,0.5173718,0.35391676,0.0
1.0,0.0,1.0,0.3397758,0.5538548,1.0,1.0,0.32398495
0.743297,0.38678107,1.0,0.50880563,0.5859401,0.0,0.66865367,0.36493772
1.0,0.17664011,0.39161825,0.8945223,0.51162493,0.0,1.0,1.0
0.83197963,0.7340912,1.0,0.4578144,0.6862652,0.8781662,0.93530643,0.8143033
0.06784016,0.38658455,0.0,0.0,0.0,0.9778563,0.47093675,0.7631854
0.35486877,0.19259164,0.87970364,0.8565998,1.0,0.60583085,0.7688858,0.5971689
0.14496471,0.0,0.0,0.0,0.0,0.9952262,0.9328494,0.8639315
0.37641007,0.0,0.10292045,0.40264115,1.0,0.7087958,0.47440055,1.0
0.18065521,0.723181,0.76321054,0.0,0.26483846,0.25642243,1.0,0.8030441
1.0,1.0,0.0,1.0,0.6210419,0.3216455,0.4460016,1.0
0.4668977,0.77827,0.2850314,0.34523073,0.5273258,1.0,0.9280458,0.56567365
1.0,1.0,0.17330192,0.8132292,1.0,1.0,1.0,1.0
0.9533127,1.0,0.54170644,1.0,1.0,0.0,1.0,1.0
0.27598536,0.62554544,1.0,1.0,1.0,1.0,0.2344535,1.0
0.2626733,0.0,1.0,1.0,0.55117005,0.72387904,1.0,1.0
0.24862388,0.5632051,0.65610224,1.0,0.8610157,0.057999708,1.0,1.0
0.53775305,0.65461344,0.20058903,0.82874316,0.0,0.6320444,1.0,0.664152
0.14946206,0.7236015,0.75566536,1.0,0.3641176,1.0,1.0,0.06220257
1.0,0.37935138,0.0,0.62818736,0.366056,0.6491359,0.6303476,0.85804856
1.0,0.5866786,0.80338824,1.0,0.0024729562,0.1242599,0.8574013,1.0
0.50048995,1.0,1.0,0.28088683,0.7771469,1.0,0.9387618,1.0
0.35894492,0.55670273,1.0,0.76038593,1.0,0.9666307,0.19437222,0.6218448
0.94359744,0.8554296,0.42877123,0.9710771,0.5619957,0.0,0.50733453,1.0
0.5716166,0.9369435,0.0,0.5764357,0.76550514,0.31349656,1.0,0.8068679
1.0,1.0,0.9614471,0.6903635,0.6687646,1.0,0.07599051,1.0
0.16461658,0.53611475,1.0,0.9086446,0.91108,0.72263366,0.9079649,0.9191174
0.46606758,0.813789,0.16329423,0.7574175,0.6141073,0.0,1.0,1.0
0.5595796,0.320763,1.0,0.2956195,0.31030855,0.11562513,0.9183726,1.0
0.81574243,1.0,0.9155572,1.0,0.42230058,0.2445273,1.0,0.23237711
0.043604895,0.7811615,0.9980476,1.0,0.16548042,0.8023979,0.3642965,0.94208264
1.0,0.8515591,0.8971337,1.0,1.0,0.88224757,1.0,1.0
0.96850675,0.7765733,0.72294825,0.39085215,0.76886123,1.0,0.91297346,0.7535626
0.8401,1.0,0.34872276,1.0,1.0,0.5637211,0.634009,1.0
0.0,0.879636,0.270231,1.0,0.86351514,0.46577185,0.95932764,0.0
0.052620262,0.19288146,0.6092972,1.0,0.2015112,1.0,1.0,1.0
0.45784754,0.8079259,0.55240065,0.5188601,0.682586,0.5140297,0.8796841,0.28392822
1.0,0.20084125,0.28973407,1.0,0.0,0.0,1.0,1.0
1.0,1.0,0.7729552,0.2419274,0.6344321,1.0,0.64495885,0.5209189
0.31280634,1.0,0.03327648,0.9777287,0.35657725,0.0,0.9418045,1.0
1.0,0.50129366,0.17884731,0.6273357,1.0,1.0,1.0,0.9713046
0.2032399,0.4664601,0.5668274,0.56257945,1.0,1.0,0.44516397,0.7117737
0.8244779,0.40486893,0.0,0.0,0.65251166,1.0,1.0,0.85063195
0.09219264,1.0,1.0,0.24280362,0.17909996,1.0,1.0,0.72357124
0.5463753,0.22634763,1.0,0.41550705,1.0,0.24953638,0.0,0.54983544
1.0,0.56907445,0.0,0.0,0.0,0.0,0.19165058,0.37570426
0.75457144,0.3091329,1.0,0.2771537,0.98637664,0.10818606,1.0,1.0
1.0,1.0,0.4279136,1.0,1.0,0.8277047,0.32399562,0.6304879
0.6657551,0.5505506,1.0,1.0,0.35944325,0.4741589,1.0,1.0
1.0,0.6358101,0.79411966,0.27632445,0.3810754,0.0,1.0,0.9648072
0.848511,1.0,0.28655878,0.8379575,0.0,0.098841794,0.73931164,0.6163658
0.4876717,0.0,0.9254931,0.86452687,0.0026336664,0.23681244,0.8483129,1.0
0.6811693,1.0,0.7188264,0.24451223,1.0,0.48484474,0.0,0.6391573
0.2991288,0.24088863,0.70469505,1.0,0.46984795,1.0,0.8095002,0.8149404
1.0,0.124097005,0.6646573,0.23876426,0.93856764,0.54352623,0.84163916,1.0
0.41598937,0.44272518,1.0,0.95714897,0.58586234,1.0,0.60534483,0.7328544
1.0,1.0,0.5797773,1.0,0.666512,1.0,0.0,0.39239725
0.16920601,1.0,0.9487936,0.124101765,0.36167902,0.008545565,0.4588542,1.0
0.0,0.8556379,1.0,1.0,0.49817482,1.0,1.0,1.0
0.9634891,0.00074618054,0.6424362,1.0,0.80495226,0.50892955,0.41450784,0.9932758
0.6734253,0.5481766,1.0,1.0,0.71892095,0.27414405,0.9847826,0.68234515
0.635952,1.0,0.67430216,0.3864817,0.14007542,0.13683674,1.0,1.0
0.0,1.0,0.33356568,0.9369113,0.94947994,0.35992673,0.5250678,1.0
1.0,0.65260124,0.17740823,1.0,0.91103333,1.0,0.31189778,0.97547597
0.63614744,0.498683,1.0,0.38246933,0.0,0.46920666,0.8600151,1.0
1.0,1.0,0.4962684,1.0,0.12037904,0.0,0.6439472,1.0
0.4077778,0.8479863,0.42911637,1.0,0.72049534,0.0,0.8838817,0.65461993
0.7197653,0.4268612,0.9748641,0.7458454,1.0,0.5441364,1.0,0.88403285
0.1726916,0.0,1.0,0.008646666,0.7319809,0.0,0.5169126,1.0
0.56322455,1.0,0.0,0.7578783,0.120294884,0.28841528,1.0,0.83194876
1.0,1.0,1.0,1.0,0.02135209,0.83521754,0.4886554,0.7788464
1.0,0.28738528,1.0,0.0,0.23184043,0.7322437,1.0,1.0
1.0,0.0,0.9785676,0.41651222,0.0,1.0,1.0,0.18403
1.0,1.0,0.9507378,0.37953544,0.5089463,1.0,0.7031907,0.17931063
0.096327096,0.659337,0.0,0.3140205,0.5997109,0.97938055,1.0,1.0
1.0,0.44409296,1.0,0.7887037,1.0,0.8806145,0.7109795,1.0
0.841511,1.0,0.53888345,1.0,0.6567124,1.0,0.4386044,0.4917728
0.0,0.599751,0.46331337,1.0,0.05729997,0.0,0.5008295,0.47929326
1.0,1.0,0.8561487,1.0,0.13450505,0.5745446,0.8305174,0.9903627
0.5005178,1.0,1.0,1.0,0.0,1.0,0.85107493,0.0
1.0,1.0,0.30125445,1.0,0.38024545,0.7575343,0.16262746,1.0
0.95244354,0.37255004,1.0,0.20488924,1.0,0.0,0.29989663,0.8907931
0.7470412,1.0,0.91048634,1.0,0.847153,1.0,1.0,0.15772289
1.0,0.8471513,0.8072031,0.70894206,0.8532512,0.73348033,1.0,0.22513554
1.0,0.8595874,0.89374644,1.0,0.945886,0.0,1.0,1.0
0.6970941,0.16739748,0.6350694,0.79670936,0.6062016,1.0,0.7403771,1.0
0.651443,1.0,0.4250434,0.0,0.54680395,0.9845874,0.0,1.0
0.70518315,0.5384977,0.7057491,0.0,0.32233056,0.6628399,1.0,0.77361095
1.0,1.0,1.0,0.6829186,0.57980645,1.0,0.0,1.0
0.44580334,0.7998706,1.0,1.0,0.7699248,0.9058227,1.0,1.0
1.0,0.8475681,0.96758384,1.0,1.0,0.87849855,1.0,1.0
0.27553344,0.16014905,1.0,0.785155,0.0,0.24852093,0.5296216,1.0
1.0,1.0,1.0,0.6547414,0.72088426,0.44360074,1.0,1.0
0.90789,0.7901479,0.8378399,0.4311271,1.0,0.0,1.0,0.59259444
1.0,0.3194842,1.0,1.0,1.0,0.06435186,1.0,0.6675218
0.55476815,1.0,0.5132423,0.33219755,0.3907269,0.2281678,0.29336345,0.071944885
0.629004,1.0,0.18720868,1.0,0.5560908,1.0,0.37973425,0.90624636
1.0,0.80860734,0.7121003,0.7336488,0.0,0.37276092,0.9215931,0.46367413
0.980144,0.74240303,1.0,0.84341747,0.39014184,0.0,0.60910636,1.0
0.94522434,1.0,0.7543783,0.4736108,0.6163571,0.78536505,1.0,1.0
1.0,0.8027278,0.14216608,1.0,1.0,0.489453,0.33657467,1.0
0.67624754,1.0,0.0,0.80182934,0.28208998,0.32850137,0.9123974,1.0
0.0,0.4137597,0.4973683,1.0,0.2508081,1.0,0.55231124,1.0
1.0,0.7602819,1.0,0.35561824,0.54982805,1.0,0.5382368,0.12853095
0.7078119,0.28186542,1.0,0.21131492,0.73055094,0.5176294,1.0,0.7678356
0.78475165,1.0,0.0,0.97349143,0.5457294,0.60681933,0.41088903,0.9480248
0.0,1.0,0.6288837,0.4993857,0.90081984,0.2590198,0.9711224,1.0
1.0,0.46050686,0.4240663,1.0,0.9749304,0.78581613,0.8501636,1.0
0.0,0.2681993,0.65219426,0.39689758,0.8742134,1.0,0.35206363,1.0
0.894338,1.0,1.0,0.85902053,0.1948647,0.2883283,0.8192647,0.068776645
0.5450815,0.354403,1.0,0.75902575,1.0,1.0,0.6388542,0.5951898
0.39179078,0.17083237,0.0,0.676616,0.3847961,0.36824992,0.0,0.7928363
0.6934919,0.45390198,0.7295361,0.30156887,1.0,0.66320574,0.95044315,0.3924395
0.8822362,0.8275312,0.9715872,0.9141409,0.9953897,0.4567234,1.0,1.0
0.8996186,0.7992106,0.7501573,0.2615301,0.7797364,0.6177454,1.0,0.6951795
1.0,0.44494346,0.0,0.7510465,1.0,0.32102197,1.0,0.54831904
0.9662205,0.50963503,0.5320625,0.94762534,0.85218173,1.0,1.0,0.0
0.9834519,0.059595462,1.0,0.11917571,0.7226961,0.5611691,1.0,0.90822506
0.022696525,1.0,0.6717071,0.8837242,0.8084201,0.0,0.6277078,0.85752386
0.86723846,0.8876628,1.0,1.0,0.45212892,0.0,0.76103896,1.0
0.3085131,0.37021142,0.5969864,1.0,0.5435724,0.084997535,0.33141986,1.0
0.8045945,0.4912564,1.0,0.4623084,1.0,0.0037659185,0.65744144,0.17283273
0.0,1.0,1.0,0.117823154,0.8995446,0.12294029,0.39380684,0.86929566
0.4115652,1.0,0.74914706,0.6358771,0.8554511,1.0,1.0,1.0
0.1985164,0.925134,0.9584114,1.0,0.4280802,0.0,0.32509613,0.36655146
1.0,0.55970025,0.2772021,1.0,0.76762384,0.52132505,1.0,1.0
0.8149514,0.8424465,0.678888,0.5289164,0.57747334,0.4571685,0.0,0.47619575
0.3293188,1.0,0.5499984,0.6774489,0.0,0.65145767,0.23938404,0.95778286
0.46300846,1.0,0.490732,0.90184116,1.0,0.80315953,0.47059304,1.0
1.0,0.0035378267,0.8456262,1.0,1.0,1.0,0.9454576,0.94397205
1.0,0.35774985,0.8863956,0.9084122,0.73231775,0.29204914,1.0,1.0
0.30843884,0.71329033,0.48755756,0.012255915,0.5992943,0.96363163,0.83332825,1.0
0.4742189,0.6214867,0.0,0.10176988,0.050719094,0.4082838,0.40151027,1.0
0.94944304,0.8632746,0.94348514,0.93989885,0.6246109,0.3690332,1.0,1.0
1.0,0.8172937,0.6248457,0.76152164,0.0,0.1300628,0.2019649,0.76811045
0.58866894,0.514066,1.0,1.0,0.4877474,0.50720525,0.03141657,0.31260177
1.0,1.0,1.0,1.0,1.0,0.31753686,0.8538498,0.23191786
1.0,0.24194819,0.5086184,1.0,0.48030186,0.0,0.894252,0.60793984
0.7770016,0.49156588,0.255313,0.0,0.0,1.0,0.82542884,0.4826806
0.6807457,0.0,1.0,0.7122736,1.0,0.621657,1.0,0.4367744
0.6454921,0.017275779,1.0,0.416261,0.094879195,0.65569717,0.25517672,0.10083357
0.7584047,0.9436398,1.0,0.35826796,0.5331752,0.9114034,0.5257103,1.0
0.4271962,0.7777797,1.0,0.04575613,1.0,0.0,1.0,0.44590858
0.6640863,1.0,1.0,0.4789215,0.19704556,0.7721542,0.9966679,1.0
0.5483421,0.31399065,1.0,0.47041208,0.5633576,1.0,0.2411352,0.5248039
0.019333066,0.3360738,0.8095189,1.0,0.17211315,0.28698894,0.21893053,0.7964987
0.5379175,0.6935106,0.6672171,0.4222984,0.6213802,1.0,0.99628305,1.0
0.09297682,0.32939225,0.7077568,0.6233024,0.7115118,1.0,1.0,1.0
1.0,0.6576424,1.0,0.91620725,0.16139697,0.8310301,0.34913814,1.0
1.0,1.0,0.87113744,1.0,1.0,0.0,1.0,1.0
0.26256233,0.646386,0.13712882,0.5874245,0.12697224,0.34579697,0.66013426,1.0
1.0,0.9057738,0.77962583,0.6958303,0.67405236,0.4218286,0.6032235,1.0
1.0,1.0,0.9784267,0.960872,0.2069098,0.27761897,1.0,1.0
1.0,0.624981,0.83904034,1.0,0.15773185,0.6647181,0.66466105,1.0
0.95603925,0.2585762,0.36296102,0.810989,0.6780042,0.9001983,1.0,1.0
0.0,0.20714666,0.08250437,0.0,1.0,1.0,1.0,1.0
0.21973027,0.71788186,1.0,0.0,0.83621764,0.0,1.0,0.91757536
0.0,0.5213266,0.9461566,0.81134975,1.0,1.0,0.5329042,1.0
0.16206229,0.9630851,0.58462244,1.0,0.2105495,0.09199117,0.67702335,1.0
1.0,1.0,0.79050547,0.3634642,1.0,0.30020085,1.0,0.7092997
1.0,1.0,0.90605354,0.8996531,1.0,0.5712226,0.6590193,1.0
1.0,0.5979938,1.0,0.55339706,0.8443089,0.04230415,0.427441,0.85281396
0.2304161,0.9330235,0.6020292,1.0,0.54686904,0.10537549,0.782052,1.0
0.58055556,0.028255327,0.43466642,1.0,1.0,0.18699895,0.023639511,0.43908042
0.7043101,0.10066392,0.0,0.6543157,0.81236583,1.0,0.7954653,0.9539149
0.5691609,0.971939,1.0,0.7179234,1.0,0.5212242,1.0,1.0
1.0,0.32570803,0.68471795,0.84046537,0.442595,0.6299372,0.074066505,1.0
0.36202872,0.08620751,0.71733046,0.42183426,0.53475684,0.0,0.40656883,1.0
0.9082565,0.98092926,0.839351,0.0330966,0.71150213,0.0,0.19879726,0.5711342
0.36624587,0.0,0.0,0.5825454,0.3518898,0.4301224,0.5718492,0.0
0.2871381,0.39699578,0.27408597,1.0,0.76627016,0.9411578,1.0,1.0
0.7124569,0.18710317,0.0,0.22670583,0.8375271,0.3345808,0.99839103,0.68796074
0.94141984,0.35078377,1.0,0.9552142,0.0,0.5278366,0.9095066,0.42550153
0.44359955,1.0,0.08114209,0.8054281,0.61073613,0.50067383,1.0,1.0
0.39060426,0.52801234,0.5136133,1.0,1.0,1.0,1.0,0.8474947
0.0,0.8555983,1.0,1.0,1.0,0.46610796,0.72520936,0.43270934
0.201542,1.0,0.9084105,0.19279112,0.38684672,1.0,0.0,0.3758152
0.65404826,0.36989507,0.5673497,0.6080914,0.6768753,0.0,0.89394397,0.69232076
1.0,0.97252434,0.32619628,0.2919831,0.6294428,0.98198,0.22165875,1.0
0.2917222,1.0,0.7337231,1.0,0.5708445,0.5958472,1.0,0.9115096
0.28789303,1.0,0.8313591,0.9997154,0.95986354,0.022520792,1.0,0.0
0.52037054,0.96373254,0.42365828,0.85530263,1.0,0.28724992,0.0,1.0
1.0,0.52526236,0.1578372,0.6982046,0.72127926,0.70305914,0.48756653,1.0
0.9595173,0.67690617,0.4997241,0.6592151,1.0,0.049604382,0.93010134,0.8984597
1.0,1.0,0.7353461,0.8421386,0.0,0.55176187,1.0,1.0
0.61540705,1.0,0.22536233,0.0,0.19010697,0.0,0.64717096,0.4137267
0.0,0.0,0.439999,0.7866944,1.0,0.0,0.80482334,1.0
1.0,0.6468679,0.1352327,1.0,0.8228765,0.085097335,0.30294544,1.0
0.9385165,1.0,1.0,0.6080834,1.0,1.0,0.6972698,0.47891286
0.95591176,1.0,0.85118836,0.5872799,0.8124695,0.783623,0.09156896,0.28901938
0.3076902,0.44659778,0.7148642,0.6402131,0.42696664,0.8361681,1.0,0.8461321
0.28117833,0.63292354,0.6736959,0.74265426,1.0,1.0,0.10212298,1.0
0.095918715,0.0,0.0,1.0,0.4879623,1.0,1.0,1.0
0.3691218,0.7934768,1.0,1.0,0.5224301,0.7821403,1.0,0.36670256
0.0,0.03721633,0.33483413,0.6081322,0.0,0.44695893,0.8133182,0.0
0.68747,0.046067,0.5504101,0.65833336,1.0,0.41765752,1.0,0.3420171
0.0,1.0,0.71428317,0.37794828,0.48638946,0.0,1.0,0.15811577
0.47694197,1.0,0.44506645,0.5769168,0.7548096,0.8052671,1.0,0.52762973
0.5538316,0.6760333,0.54572093,0.7347348,1.0,0.21562216,0.24967863,0.7365317
0.5505553,0.55807245,0.6091062,0.7060222,0.5537682,0.23658547,0.8382268,0.66474634
1.0,0.59094137,0.24423799,1.0,0.39551225,0.37477353,1.0,0.63165927
0.35857,0.7687989,1.0,0.43546334,0.4981219,1.0,0.42041576,0.33047098
0.7895283,1.0,1.0,0.14744839,0.7236936,0.87304884,0.0,1.0
0.9812127,0.8625757,0.121955514,0.1542382,0.8801995,0.0,1.0,1.0
0.3645233,0.29392368,1.0,0.5533625,1.0,0.45393744,0.040974803,0.60316014
0.8483786,0.47459394,0.6663223,0.50303316,0.7383107,0.5609393,0.91492087,1.0
0.57703304,1.0,0.81318307,0.72673917,0.0,0.9056072,0.9962673,0.1953943
1.0,0.9045728,0.8069309,0.7755697,0.5377434,0.0,0.06058931,0.54801375
0.6732374,0.6646884,0.91491747,0.585865,1.0,0.14870946,0.9605545,0.0
1.0,0.7572107,0.52537906,0.0,0.31299943,0.7104068,1.0,0.49107715
0.34212875,0.4937407,0.3900042,0.9585066,0.38897112,0.0,0.307555,1.0
0.0,0.51864874,0.30508605,0.22913209,0.40865365,1.0,1.0,0.35743257
0.84847957,0.85259765,0.9363387,1.0,0.6493973,1.0,0.063893825,0.68826216
1.0,0.0,0.26898694,0.57473886,0.60272944,0.83775485,0.30506977,1.0
1.0,0.7275507,1.0,0.5433448,0.8508894,1.0,0.0,0.472735
0.6761286,0.36179128,1.0,0.49581835,0.37326524,1.0,0.40168375,0.75523096
0.9233482,1.0,0.6254828,0.7321728,1.0,0.9648089,0.21062171,0.36247104
0.66397256,0.3892188,1.0,0.3838095,1.0,0.99262774,0.78796583,1.0
0.32636437,0.646186,1.0,1.0,1.0,0.12222648,1.0,0.8077803
0.631717,0.83554447,0.0,0.20722684,1.0,0.40134135,0.16285595,1.0
0.8646395,0.32403886,0.76142937,0.6349847,0.7686474,0.45911407,0.3220097,0.90184176
0.47139573,0.8505837,0.3815275,0.61121696,0.48892254,0.0,1.0,0.3896469
0.8349263,0.7492873,0.73562163,1.0,0.47515625,0.99783826,0.5814014,0.53886765
0.97311884,1.0,1.0,0.99690276,0.0,0.0,0.5494256,0.2732318
1.0,0.9948256,0.7646035,1.0,0.96188664,1.0,0.08281881,1.0
1.0,0.0,0.06963109,1.0,0.91039306,1.0,0.9442692,1.0
0.13465916,0.73410404,1.0,1.0,1.0,0.79280955,0.7407376,0.0
0.48097652,1.0,0.8213673,1.0,0.12960373,0.7287618,0.5790663,1.0
0.0,0.8632929,1.0,0.4281506,1.0,0.49418202,0.640874,0.7304389
0.06812832,0.5379799,0.66026634,0.8646432,0.8053055,0.2853001,0.059843928,0.92073274
0.66975224,0.9210474,0.78846824,0.8931693,1.0,0.3051965,0.8009038,0.725601
0.85748035,0.52551895,1.0,0.16132823,0.4503593,0.971579,0.6777051,0.0
0.0,0.53509307,0.0,1.0,0.90879446,0.7338695,0.83888656,1.0
0.84700626,0.6401738,0.44060728,1.0,0.37576264,0.80007356,1.0,0.82556856
0.36563605,1.0,1.0,1.0,1.0,0.30167496,0.14651023,0.6609517
0.7231863,0.79970235,1.0,1.0,0.5719958,0.22244965,1.0,0.0
1.0,0.07477055,0.19288388,0.43602192,0.20899558,0.6717561,1.0,0.4747766
0.07839659,1.0,0.5597679,0.737722,1.0,0.26564848,0.0,1.0
0.0,0.8231274,0.9868134,1.0,0.5317517,0.28730467,1.0,0.4698811
0.9170392,0.8751111,1.0,1.0,0.0,0.3161042,0.59185386,0.66902137
0.97300166,0.984411,1.0,0.47073987,0.0,0.0,0.7986903,0.72821575
1.0,0.4769091,1.0,1.0,0.73054993,0.21634018,0.50571764,0.4795267
0.54963535,0.8357733,0.3796124,0.23458369,0.0,0.62578475,1.0,1.0
0.9233373,0.4303837,0.33793196,0.9068506,0.41104615,0.6759204,0.9673919,0.05737216
0.04521196,0.12353993,1.0,0.47168833,1.0,1.0,0.29647422,1.0
0.34604213,0.77277684,0.19405647,0.9091952,0.10914695,0.8666081,1.0,0.30948746
0.0,0.35856834,1.0,0.26104194,0.38020548,0.2943668,1.0,1.0
0.7858728,0.0,0.0,1.0,1.0,0.27762485,0.90731096,0.48964325
0.87591815,0.0,0.21130478,1.0,0.74057835,0.0,0.96353906,0.7408793
0.71834135,0.85346854,0.84611565,0.08457321,1.0,0.0,0.71219695,1.0
1.0,1.0,1.0,0.0,0.69371474,1.0,0.40792084,0.86323255
0.0,0.6749483,1.0,0.038011692,0.93158925,0.55773485,0.13623063,0.7956944
0.47395802,0.9973255,0.0,1.0,1.0,0.4866325,0.0,0.938058
0.78583986,1.0,0.79628664,0.21062389,0.81722933,0.13524263,1.0,0.7502602
0.14025232,0.7281881,1.0,0.6271608,1.0,1.0,0.0,1.0
0.48132488,0.0,0.89829254,0.43844163,0.29701668,0.73134863,1.0,0.45254475
1.0,0.8707105,0.83585125,0.41746664,1.0,0.9188491,0.7813465,1.0
0.15088023,1.0,0.5368983,0.62129134,0.45677602,0.14449407,1.0,1.0
0.90986264,0.47148412,1.0,0.5736652,0.13496527,0.47841817,0.82434773,0.49597475
0.44366166,0.97536063,1.0,0.29052868,0.7201146,0.76506114,0.98203886,0.78433734
0.20546131,0.20245889,0.010854531,0.26259416,1.0,0.47516525,0.32535562,0.028760863
1.0,0.78243256,0.45454386,0.76952016,1.0,1.0,1.0,0.6287637
0.908684,0.27258062,0.77701485,1.0,0.28748748,0.23406403,0.50393033,1.0
0.23340033,0.644909,0.5109389,0.25788683,1.0,0.010720488,0.0,0.9836859
0.5353078,0.83722544,1.0,1.0,1.0,0.81538934,1.0,0.7412811
0.5694502,1.0,0.77306145,0.7648206,0.35238695,0.66829515,0.95719886,1.0
0.6439615,0.93553466,0.0,0.41087985,0.0,0.10174846,0.5252334,0.17264032
0.23250104,0.9255047,0.82751244,1.0,0.105556406,0.0,0.90240663,0.0
0.7137358,0.17468472,1.0,1.0,0.48565128,0.5939254,0.43078774,1.0
0.9482473,0.0,0.051604763,1.0,0.73146564,0.8397287,0.0,0.35009623
0.421944,0.9121313,0.09423345,0.83020866,0.357058,0.0,0.0,1.0
0.76193744,1.0,0.6811732,0.0,0.0,0.6734213,0.36229852,0.8566856
0.0,0.40027627,0.5534652,0.59478796,0.8247944,1.0,1.0,1.0
0.7228864,0.0,1.0,0.76587033,1.0,0.7909205,0.35311002,0.71243435
0.53643525,0.7639969,0.8298864,0.0,0.4439134,0.4756115,0.48683771,0.15307781
0.64024156,1.0,0.7555243,0.66865575,1.0,0.0,0.0,0.3392361
0.6641685,0.35749322,0.30469003,1.0,0.19388479,0.8693129,0.9113579,1.0
0.58706063,0.16762033,1.0,0.98388547,0.8186727,0.33172968,1.0,0.39846706
0.51960576,0.0,1.0,1.0,0.714815,0.37563533,0.8203648,1.0
0.6780747,0.8107738,1.0,0.71429706,1.0,0.7131856,0.70473516,0.5879144
0.102916926,0.7219004,0.40462017,1.0,0.67962927,0.6619997,0.123736136,0.9136701
1.0,0.9175255,1.0,0.6490938,0.068773516,0.0,1.0,0.53993183
0.0,0.6246129,0.8099105,0.68787223,0.90271294,0.5097112,1.0,0.5292528
0.23887601,1.0,0.56983936,1.0,0.9501933,0.48135173,0.81878597,1.0
1.0,0.6555521,0.9552304,0.7927578,0.5578733,0.3542952,1.0,1.0
0.4205184,1.0,1.0,1.0,1.0,0.51997954,0.0,0.955123
0.78632766,0.8772022,1.0,1.0,1.0,1.0,0.5656595,0.29618034
0.57291436,0.8301866,0.9732809,0.875715,0.0,0.85629815,0.04558184,1.0
0.66264117,1.0,1.0,1.0,1.0,0.50917983,1.0,1.0
0.14526689,0.6674836,1.0,0.5907808,1.0,0.30832887,0.83793205,1.0
1.0,0.24742419,0.3014171,0.6686786,0.4026378,0.8035001,0.39302176,0.36957276
0.072149575,0.0,0.64402205,0.99214625,0.7984298,0.89731467,1.0,0.54129046
0.0,0.7270936,0.48571548,0.98687935,0.51437044,0.5434164,0.9153101,1.0
1.0,0.7103371,0.32648462,0.3327939,0.81274116,0.41166544,0.5012132,0.1909196
0.48066112,0.80973214,0.75565547,0.69479334,0.88472646,0.5299287,1.0,1.0
0.77244395,1.0,1.0,0.0,1.0,0.6824489,1.0,0.93154806
1.0,0.0,0.43813735,0.68162453,0.5816883,0.0,0.43226185,1.0
1.0,0.29433614,0.85022986,0.91896063,0.7957362,1.0,1.0,0.12491701
0.60377645,1.0,0.6751526,0.4699193,1.0,1.0,0.39305606,1.0
0.2993239,0.6778476,0.93940824,0.0,0.0,0.89419377,0.021841919,1.0
1.0,0.806099,0.0,0.622637,0.33271104,0.65336674,0.77206403,0.40093973
1.0,1.0,0.31775302,1.0,0.20061176,0.8994359,1.0,0.9829037
0.553617,0.7936187,0.9290496,1.0,0.28216103,1.0,0.91879827,0.0
0.864835,1.0,0.5313112,0.47079048,0.82538575,0.98276067,0.5710519,1.0
0.8919066,0.5908131,1.0,0.7329459,0.352968,0.38217232,1.0,0.97444874
1.0,0.74372226,0.16400771,0.717478,1.0,0.5055813,1.0,0.6703496
0.3801893,1.0,0.19170147,0.15200989,0.0,0.6581141,0.16309282,0.1416987
0.32197434,0.5701417,1.0,1.0,1.0,0.94209415,1.0,1.0
0.7172151,0.30026406,0.5678928,0.6732944,1.0,0.97389513,0.86278015,1.0
0.30070746,1.0,0.81724626,0.4337466,0.0,0.0,0.6410269,0.14573464
0.83585083,0.43668526,0.042951718,0.9060145,0.18103199,0.1370025,1.0,0.0
0.12429623,1.0,0.37796208,0.7455316,0.112853274,1.0,0.99070114,1.0
0.4896998,0.6191904,0.42878923,0.42632842,0.0,0.0,0.6067161,0.8334931
1.0,0.97220916,0.45816478,0.0,0.0,0.754282,1.0,0.6551438
0.70657784,0.0,0.021977022,0.62920773,1.0,0.8794747,1.0,0.70630413
0.37509337,0.17052692,0.8049466,0.6858371,1.0,1.0,1.0,1.0
0.7075174,1.0,1.0,0.85285896,0.30547965,0.15261263,0.6506647,1.0
0.8248989,0.35772005,0.41256624,0.45160192,0.6702389,0.9132796,0.58615077,1.0
0.8608882,1.0,0.36030474,0.6250035,0.009719388,0.6816737,1.0,0.09031836
0.6652503,0.24352753,0.27559406,1.0,0.789786,0.3635315,0.92349046,0.0
0.9565366,0.18928358,0.9467251,0.63841206,0.27838996,0.40293723,0.03364699,0.030602232
1.0,0.0,0.0,0.64326525,0.23922676,0.32214263,0.0,1.0
0.6051429,0.1656062,0.74168855,0.07270187,1.0,1.0,0.8448643,0.5776559
0.0,0.8744151,0.82593596,1.0,0.35930988,1.0,0.17193422,0.95389324
1.0,1.0,0.19131231,1.0,1.0,0.29744774,0.37968484,0.3579228
0.0,1.0,0.72286,0.0,0.23870982,0.84998864,0.54306895,1.0
1.0,1.0,0.36566338,0.42667553,1.0,0.15719207,1.0,0.9708332
0.998481,0.27104536,1.0,1.0,0.97098273,1.0,0.5134058,0.0
0.698476,1.0,0.5365677,0.7745741,0.8196545,0.6504363,0.0,0.90641713
0.065116026,1.0,0.3724781,0.40700555,0.81456333,1.0,0.3485658,0.8703852
0.7810514,0.0,0.3468795,0.48621717,1.0,0.86219126,0.8950376,1.0
0.0,0.9177464,0.96882474,1.0,0.011969604,0.034349345,0.2894236,0.19564408
0.49414167,0.0,1.0,1.0,0.20832665,0.5675605,0.74274427,1.0
0.10926471,1.0,0.13180321,0.13749652,1.0,0.049104746,0.9601614,0.4066877
0.9918124,0.39619306,0.91887295,0.6238774,1.0,0.017485913,0.42686245,1.0
0.0,0.0,0.24039328,1.0,1.0,0.4268831,0.6151456,0.5490634
0.31389222,0.9067803,0.0,0.7128065,0.0,0.0,0.9655336,1.0
0.78655213,0.79794943,0.17727803,0.68271285,0.78651047,0.97303826,0.9455292,1.0
1.0,0.12609918,0.68255544,1.0,1.0,1.0,0.082495995,0.8253219
0.80860084,0.8739199,0.7667741,0.47284913,0.46310815,1.0,1.0,0.35403657
0.2255863,1.0,0.8097389,1.0,0.5422429,0.7690309,0.3173212,1.0
1.0,0.92860353,1.0,0.3901294,0.86632675,0.23906994,0.9092189,1.0
1.0,1.0,0.0,0.38355803,0.24716088,0.6422682,0.30232632,0.9628216
0.0,0.9729983,0.8245022,1.0,0.94382703,1.0,1.0,0.9310121
0.4074468,0.71380657,0.71276635,1.0,1.0,0.03282995,0.0,1.0
0.9225791,0.9682693,0.613331,0.9439535,0.7326348,0.25884733,1.0,1.0
0.496529,0.56163913,0.22199497,0.8485313,0.5819648,0.15010035,0.94809175,0.43193918
1.0,0.53608626,0.0,1.0,0.5289699,0.2845537,1.0,1.0
0.5997164,0.5612313,0.91453886,0.048301544,1.0,1.0,1.0,1.0
0.8935018,0.243584,1.0,1.0,0.601111,0.3620005,0.9969412,1.0
0.8728081,1.0,1.0,0.53750676,0.0,0.37950453,0.727958,1.0
0.7353149,0.7869017,0.33002767,1.0,1.0,1.0,0.6604859,1.0
0.33623666,0.98980767,1.0,0.45676225,0.7261775,0.5937395,0.81015116,0.22194986
1.0,0.8183258,0.4951456,0.0,0.44819406,0.475564,0.03370349,1.0
0.5443671,0.89384943,0.6885911,0.64040625,0.24364772,0.9782793,0.4684407,0.82891446
0.59152055,1.0,0.24311084,0.5981489,0.0,1.0,0.83384204,1.0
0.04918129,0.53678596,0.2507676,0.6224986,0.5257535,0.4918802,0.98849225,0.39634207
0.39646372,1.0,1.0,0.7816043,0.16154437,0.64085346,0.81747013,0.92689335
0.596767,0.71661186,1.0,0.719739,0.52219784,0.9833586,1.0,1.0
1.0,0.0,1.0,1.0,0.091348276,0.65355694,0.86422426,1.0
1.0,0.49172968,0.42280793,0.9487812,0.7898466,0.27181518,0.0,0.89041865
0.39009675,0.4828224,1.0,0.8367741,0.7169583,0.15960795,1.0,0.71190256
1.0,0.47301057,0.74173343,1.0,0.06637017,0.6453622,0.6210876,0.61988765
0.94202274,0.65141934,1.0,1.0,0.43254036,0.5225741,1.0,1.0
1.0,0.41636404,0.74035823,0.9094325,0.43855876,0.40617397,0.5307253,0.44993564
1.0,0.63915205,0.5549307,0.0,0.7556229,1.0,0.0,0.8348853
0.0,1.0,1.0,0.2268351,0.9583934,0.021937653,0.72208065,1.0
0.48028016,0.48702177,0.97622555,0.9043205,1.0,0.0,0.97682714,1.0
1.0,0.8404245,0.5460539,0.20997603,0.87587744,0.45167658,1.0,0.28343666
0.27157968,0.9963563,0.8419675,1.0,0.0,0.72037643,1.0,1.0
0.98826915,0.040649585,1.0,0.0,1.0,1.0,0.5022459,1.0
0.0,0.0,0.9663171,0.83302164,0.18337908,0.4480227,1.0,0.4836072
0.85574883,1.0,0.59171516,1.0,0.7486878,0.6919775,0.8523303,0.7863863
0.7236843,0.59961313,0.36617944,0.6346544,0.4068284,1.0,0.45433563,0.69140804
1.0,0.62388647,1.0,0.0,1.0,0.63607395,0.3776009,0.56601036
1.0,0.11583316,0.9666649,1.0,1.0,0.26410717,0.9209453,1.0
0.5107931,0.8820251,0.8119329,0.8656038,0.87106216,0.68719167,1.0,0.6403305
0.0,0.35671544,0.26087683,0.48476014,0.0,0.0,1.0,1.0
0.57280785,0.94043505,0.43184298,0.03604541,1.0,1.0,0.10648395,0.7283261
0.83249336,0.8932775,0.89433026,0.9162797,0.11821594,0.5121914,0.3184623,0.6362116
1.0,1.0,1.0,0.5650344,1.0,0.89750814,0.35984766,0.85860276
0.4130751,1.0,0.48369578,0.34717834,0.6089751,1.0,0.15640841,0.46309888
0.34347463,1.0,1.0,0.91749924,0.41719362,0.0,0.9307644,1.0
0.8543097,1.0,0.32057583,0.0,1.0,0.022795662,0.122263856,1.0
0.9559975,1.0,0.608418,1.0,1.0,0.54754174,1.0,1.0
0.3859767,1.0,0.5873967,0.0,1.0,0.46202046,0.29718766,0.50422436
1.0,0.9398361,1.0,0.44003415,1.0,0.0781769,0.60573786,1.0
0.68778545,0.5327498,0.13723293,0.8528484,1.0,0.5064669,0.8051477,0.22939673
1.0,0.9573928,1.0,0.0,0.6169483,0.36229447,0.0,0.8035218
0.499718,0.7643248,1.0,0.41702715,1.0,0.0,1.0,1.0
0.050087675,0.72678643,0.0,0.77800786,0.3895474,0.59506226,0.006837996,1.0
1.0,0.8221683,1.0,0.62042636,0.722741,0.0,0.0,1.0
0.9813756,1.0,1.0,0.22044499,0.11910224,1.0,1.0,1.0
0.81475276,0.4621123,1.0,0.024579862,0.5336679,0.99788207,0.63321066,1.0
0.16859946,0.6270219,1.0,0.5009732,0.56058633,0.19929212,0.17828853,1.0
0.87381953,0.60403556,0.5994278,0.7908208,1.0,0.37250102,0.0,1.0
0.11896359,1.0,1.0,0.24125548,1.0,1.0,0.0,0.4665522
1.0,0.0,0.43921602,1.0,0.2230222,0.09150382,0.33918783,1.0
0.96036035,0.19494379,0.56680715,0.5197144,0.5160555,0.0,0.35432053,1.0
0.9384614,0.0,1.0,0.7668841,0.9806667,0.52680355,1.0,0.6961847
0.6370099,1.0,0.37694123,0.86435086,1.0,0.9337681,0.35321516,1.0
0.6411891,0.53476226,0.06226606,1.0,0.08996528,0.472482,1.0,1.0
1.0,0.9730178,1.0,0.84617203,0.0,0.5189875,0.34752017,0.058900688
0.7488676,0.5673901,1.0,0.0,1.0,0.27233207,0.38581896,1.0
0.5775646,0.8315446,0.0,0.39506355,1.0,0.525251,0.7196526,1.0
0.78860456,0.152531,0.6374051,0.08280553,1.0,0.6266452,1.0,1.0
0.1996946,0.68454736,0.40893105,0.5998703,0.36788452,0.75309145,1.0,0.5410432
0.60827637,0.6244114,0.9713539,1.0,0.39344722,0.8078433,1.0,1.0
1.0,0.90393245,0.11426143,1.0,0.82234037,1.0,0.0,0.2257109
1.0,0.0,0.30537882,1.0,0.8511825,0.7455613,0.0,0.13936721
0.32898915,1.0,1.0,0.686617,1.0,0.7328767,1.0,0.5001086
0.45333567,0.77298707,0.36170992,1.0,0.28202468,1.0,0.09568591,0.54531974
0.81244045,0.0,0.22207212,0.9523797,0.0,0.1700164,0.51186794,1.0
1.0,0.7752583,0.29735333,0.1925431,0.41556832,0.56720746,0.3232271,0.09887108
0.25911298,0.90891093,0.5915228,1.0,0.0,1.0,0.5455081,0.9517215
1.0,0.48988843,0.32309416,0.9132893,0.93366796,1.0,1.0,1.0
0.79182816,0.67292166,0.39228627,0.65801436,0.45994878,1.0,1.0,0.2558125
0.3582136,1.0,0.46267104,1.0,0.89742094,0.60915583,0.4857321,1.0
0.0,0.77039385,0.7358751,0.8501639,1.0,0.747701,0.91817355,0.053727686
0.0,1.0,1.0,0.20002876,0.948191,0.6685791,0.94826037,0.08895183
0.9169047,0.0,0.6211843,0.3650172,0.8269725,0.0,1.0,1.0
0.7242072,0.6635267,0.41334736,1.0,0.8834985,1.0,1.0,1.0
0.7454247,1.0,0.1743468,0.58893836,1.0,0.90816766,0.8329053,0.63647306
0.9730635,1.0,1.0,0.0,0.90681916,0.8367162,1.0,0.0
1.0,1.0,0.46345264,1.0,0.70471096,0.25265944,1.0,0.5574265
1.0,0.8163788,0.560285,0.7893793,0.6243418,0.0,0.5121039,1.0
0.82393134,1.0,0.71248984,0.9483703,0.5063238,0.6260796,0.37941307,1.0
0.011066772,0.0,0.6286434,0.30930862,0.93989825,0.0,0.48727643,1.0
0.0,0.38870764,0.830742,0.9082656,0.60242724,1.0,0.021351935,0.73801565
0.5532318,0.51196843,0.88231385,1.0,0.6870018,1.0,1.0,1.0
0.6366179,0.0,0.39599928,0.0,0.8342589,0.08601605,0.3253467,1.0
0.77642995,0.0,0.8866343,1.0,0.7410733,0.9063973,0.0,1.0
1.0,0.28627896,1.0,0.01048421,0.75597984,1.0,0.7524787,0.72569007
0.3083103,0.28944513,0.46327454,1.0,0.67832655,0.0,0.0,1.0
0.7835754,0.28751364,0.5012414,0.8764031,0.11809425,0.9973238,0.89867634,0.15693036
1.0,1.0,0.46275103,1.0,0.0,0.58521336,0.12332086,1.0
1.0,0.9959942,0.038493644,0.6120289,0.72906846,1.0,0.995341,1.0
0.73581946,0.5461649,1.0,1.0,0.9685018,0.82625204,0.2568176,0.24207538
0.0,0.48066843,0.50274265,1.0,0.5068221,1.0,0.47588173,0.55755824
0.4890443,0.36393532,0.28313196,1.0,0.19750202,1.0,1.0,1.0
0.0,0.05023802,0.7240557,0.43381873,0.54388565,1.0,1.0,0.5369703
1.0,1.0,1.0,0.0,0.31366286,0.9505601,1.0,0.6597159
0.58042353,0.2698204,0.082009844,1.0,0.30012602,0.3597804,0.0,1.0
0.7810481,1.0,0.6282716,0.013127637,1.0,1.0,1.0,0.7056725
1.0,0.4003124,1.0,1.0,1.0,0.4831825,0.2028354,0.84472704
0.69951993,1.0,0.5773569,0.07869859,0.0007654497,1.0,0.56560737,1.0
1.0,1.0,0.8012725,0.6135221,0.37982166,1.0,0.51173896,1.0
0.247132,0.58990526,1.0,0.95068866,0.5822262,1.0,0.0,1.0
0.10888049,1.0,0.009748752,0.13914987,0.7735762,0.2867329,1.0,1.0
1.0,0.15093814,0.016164506,0.059952337,1.0,0.06713413,0.18855062,0.984241
0.88270736,0.9758093,0.94666994,0.8253364,0.35881275,1.0,1.0,0.771066
0.0,0.5662334,0.11955277,0.41112238,0.0,0.23214115,1.0,1.0
0.6442577,0.5921404,0.35403034,0.18585622,1.0,1.0,0.75706327,0.944493
0.0,0.0,1.0,1.0,0.17808466,0.69824696,1.0,0.8200522
0.680237,1.0,1.0,0.0,0.812327,0.0,0.071437314,1.0
0.37912005,0.34325355,0.2345583,0.40492412,0.118125826,0.43943077,0.0,1.0
0.0,0.2304515,1.0,0.6492396,0.6358398,0.38477632,1.0,0.2742748
0.18635702,0.70704854,0.7107449,1.0,1.0,0.663689,0.67641646,0.5940226
0.0,0.22119549,0.5227753,0.1925273,0.87052953,1.0,0.084800854,0.13200392
0.5851552,0.9735019,0.83200616,0.88456124,1.0,0.2503302,0.8713748,0.13012215
0.2018849,1.0,1.0,0.57419914,1.0,0.0,0.84186715,0.0
0.975955,0.9493476,0.9330286,0.71388215,1.0,0.01844354,1.0,0.53387475
0.0,0.86977786,0.0,0.15141992,0.930043,1.0,1.0,0.46006313
0.89178175,1.0,0.31380025,0.26200697,0.0,0.0,1.0,0.59591305
0.22402763,1.0,1.0,0.9371933,0.9394478,0.65075296,1.0,1.0
0.12239718,0.68420094,1.0,0.0,1.0,0.93557614,1.0,0.8268529
0.4065015,1.0,1.0,1.0,0.007677727,0.37695387,0.47132653,0.99267215
0.20092207,0.1550067,0.15114337,0.3006645,0.16870567,1.0,1.0,1.0
1.0,1.0,0.72147346,0.094957784,0.5789048,1.0,0.49271402,1.0
1.0,0.86125886,1.0,0.78447425,1.0,1.0,0.18303826,0.0
0.29010007,0.6528353,0.7314153,0.33055967,0.8811391,0.0,1.0,1.0
1.0,0.017116496,0.43801954,0.8286396,0.7671593,0.37166423,0.08339488,0.44095856
1.0,0.78640574,0.3682615,0.53062,0.45398092,1.0,0.0,0.8319006
0.23841833,1.0,0.90534425,1.0,0.83117104,0.6670526,0.84365803,0.8360218
1.0,0.36180964,0.0,0.8130541,0.5453809,0.5327714,0.5719127,1.0
0.05774512,1.0,0.18683231,0.27197722,0.59400207,0.8694548,1.0,1.0
0.45420554,0.6919554,0.39988008,0.69400716,0.65690655,1.0,1.0,0.44408226
0.98637027,0.24363892,1.0,0.80606157,0.30133674,0.74676275,1.0,1.0
0.014001805,1.0,1.0,0.077636935,0.6494369,0.49646518,1.0,0.43930456
1.0,0.19207376,1.0,0.04244932,0.56478333,1.0,0.803131,0.14563578
1.0,0.40673688,1.0,0.7302412,1.0,0.56774056,0.06336399,0.43834302
0.51318103,0.48338133,0.5918354,0.0,0.0,0.6613765,1.0,0.17662555
0.6926708,0.0,0.24494715,0.45397177,0.0,0.6705745,1.0,0.0
0.37618828,0.79641163,0.99232334,0.9965492,0.7721662,1.0,1.0,0.9756812
0.75263184,0.3735439,1.0,1.0,0.6926827,1.0,1.0,1.0
1.0,0.6689893,0.2805363,0.5136415,1.0,1.0,1.0,1.0
0.96911484,0.3565356,0.8443668,1.0,0.0,1.0,0.68546206,0.6761546
0.3953272,0.8338648,0.30214453,0.95989716,0.0,1.0,0.7292538,0.6133105
0.33496934,1.0,0.12284024,0.40686864,0.0,0.3432138,0.10621522,1.0
1.0,0.9712274,0.9497856,0.48995206,0.123193614,1.0,1.0,1.0
0.9321766,0.26485533,0.5452118,1.0,0.4266193,1.0,0.699119,1.0
0.76016116,0.9690888,0.23395854,1.0,0.0,0.7517984,0.9734927,0.76272416
0.6247038,0.26351228,0.0,1.0,0.0,0.0,0.95201886,0.34793875
1.0,0.29718566,0.0,0.7511813,0.0,0.8805225,1.0,0.686135
0.5232493,0.53066236,1.0,1.0,0.38682136,1.0,0.4414658,0.55695236
0.85095173,0.0,0.0,0.7170756,0.36127424,0.8135858,0.7469495,0.96011966
0.75221676,1.0,0.6862409,0.8498458,0.0,1.0,0.94860446,1.0
1.0,0.32351065,0.0,0.4333082,0.40832683,1.0,0.550018,1.0
1.0,1.0,0.35734105,0.11503253,0.03912127,1.0,1.0,0.76801676
0.5941399,0.13095842,1.0,1.0,1.0,0.46012956,0.49408558,1.0
0.46114242,1.0,1.0,0.35928524,1.0,0.64224595,1.0,0.23494892
0.97121114,1.0,0.611199,0.15310094,0.18504089,1.0,0.3296742,0.41341725
1.0,0.46749008,0.6870231,1.0,0.29497623,0.0,0.290314,0.16708025
0.1434514,0.36761355,0.61423105,0.9690909,0.0,0.726399,1.0,0.58695143
0.44416177,1.0,1.0,0.6644308,0.7053539,1.0,0.8055827,1.0
1.0,1.0,0.9120702,0.4186317,0.21263665,0.34670377,0.5149853,0.521824
0.24816714,0.009146256,0.81700754,0.045433868,0.44000906,1.0,0.5148111,1.0
0.0,0.38525724,1.0,0.85981184,0.98875666,0.8818864,0.6226035,0.44698596
0.8044572,0.9432095,0.5308861,1.0,0.16713509,1.0,0.3821598,0.44899037
0.11996204,0.17407082,0.8276834,0.00082217576,1.0,0.79954344,1.0,1.0
1.0,0.7239561,1.0,1.0,0.7549239,1.0,0.66334355,1.0
0.32763287,0.0,1.0,0.0,0.95398176,0.81573945,1.0,0.43072283
0.0,0.79880786,1.0,0.89209324,0.0,0.09821399,0.72567976,1.0
0.8729505,0.40064135,1.0,1.0,0.37679362,1.0,1.0,0.64892864
0.81487465,0.0,0.5685725,1.0,0.7548332,0.76046187,1.0,0.7176788
0.36193684,0.83171064,0.82705414,0.0,1.0,1.0,0.67062044,0.63823974
0.90536034,0.48694173,0.01338146,0.8393613,0.51286846,1.0,0.79074144,1.0
0.09491325,0.7026291,0.65533704,0.92817926,0.2739411,1.0,0.38314852,1.0
0.023592938,1.0,1.0,0.5080693,0.0,0.7960244,1.0,0.81188893
0.027132956,0.0,1.0,0.96713024,0.0,1.0,1.0,0.02895094
0.33799818,1.0,0.20571545,0.13395877,1.0,0.42427912,0.5437496,1.0
0.55070907,0.46123016,0.0,1.0,1.0,0.0,0.9508024,0.7483502
0.67624754,0.5459831,0.41188717,0.90210384,0.94998056,0.561855,0.7526894,0.67333597
0.8017799,0.0,0.41340455,1.0,0.77289635,0.26738214,0.6345532,0.75657105
0.88994825,0.17571843,0.9417055,0.42577597,0.044447288,0.12984227,0.7540545,1.0
1.0,0.12407981,0.19922704,0.3539203,0.0,0.2060764,0.71326375,0.60485286
1.0,1.0,1.0,0.36063805,0.0,1.0,1.0,0.78174067
0.0,1.0,0.0,1.0,0.7752342,0.5168757,0.6630415,1.0
0.4901184,0.5513813,1.0,0.30917284,0.53238624,0.76698166,0.69437647,0.10076611
1.0,0.6010839,0.0264673,0.7687606,0.066299036,1.0,1.0,0.10982005
1.0,1.0,0.5369701,0.53455544,0.7414513,0.0038678364,1.0,1.0
0.64895517,0.5656033,0.84104335,0.59103835,0.55230933,0.42031267,1.0,1.0
0.9596068,0.5103533,0.36475724,0.62726945,0.6543694,0.0,1.0,0.66377723
0.48041838,1.0,0.3218302,0.46474087,0.27703533,1.0,0.49198252,0.71922946
1.0,0.46083993,0.8495223,1.0,0.81743157,0.7321861,0.48497093,0.72150964
1.0,0.5056091,1.0,0.2773098,0.81305844,0.7475308,0.9127135,1.0
0.78580505,0.5517697,0.1892057,0.590787,0.21464388,1.0,0.6666183,0.71273667
0.7253096,0.6815079,0.7734929,0.6449479,0.9749639,0.87157696,0.8052542,1.0
0.9884692,0.62822235,1.0,0.93096864,1.0,0.6615598,1.0,0.8473097
0.7118749,0.31888142,0.89834005,0.8978534,0.4381698,0.705148,1.0,1.0
0.80485183,1.0,0.53160787,1.0,0.8373316,1.0,1.0,1.0
1.0,0.2814329,0.99831986,0.6630458,0.9002927,0.9989146,1.0,1.0
0.9921355,0.1265573,0.70349383,0.48353893,0.9575699,0.10683974,0.1410115,0.8252949
0.98636174,1.0,0.42417046,0.84205896,0.87914604,0.88811105,0.8673982,0.98978734
1.0,1.0,0.17577767,0.89790416,0.0,0.5392274,0.96013886,0.8459017
1.0,0.41686586,0.29118362,0.0,0.78772134,0.673998,0.6004056,1.0
0.6202099,1.0,0.28236902,1.0,1.0,0.13076782,1.0,1.0
0.42999515,0.21386047,1.0,0.07104152,1.0,0.15572515,0.9580955,0.81590474
0.31353125,0.8314606,0.17188367,0.0,0.43051803,1.0,0.0,0.1926156
0.6239286,0.6993527,1.0,0.600615,1.0,1.0,1.0,0.8882577
1.0,0.84221613,0.08747536,1.0,0.0,0.0,0.45720017,0.07257013
1.0,0.045615867,1.0,0.8465901,0.38333726,0.5485485,0.20275208,1.0
0.0,0.79135954,0.72205836,0.26284027,1.0,0.31050947,0.8104779,1.0
0.0,1.0,1.0,1.0,0.0,0.6358919,0.93180364,0.36877584
0.40962788,0.658925,0.96434146,1.0,0.62451875,0.28757173,1.0,0.37431592
0.85777164,0.13255648,0.12186975,0.9752895,0.49940556,0.9451213,1.0,1.0
0.22271183,0.0,1.0,0.22585636,0.2364136,0.2900037,0.08197082,1.0
0.43871096,1.0,0.9891776,0.0,0.52917224,1.0,1.0,0.7681348
0.0,0.24465063,0.72471684,0.0,1.0,0.6660214,1.0,1.0
0.70491606,0.0,1.0,1.0,0.69052947,0.69333,0.23699225,0.18681636
0.6673738,0.0,0.7015932,1.0,1.0,0.8730727,0.24986403,0.97995263
0.0,0.640922,0.37397906,0.9686167,0.6188942,0.67847943,0.0,0.035590813
1.0,0.5943602,1.0,1.0,1.0,0.4024387,0.76771903,1.0
0.49653116,0.0,0.54001695,0.4983854,0.62537044,0.31850803,0.5105547,0.8676864
0.0,1.0,1.0,0.8738425,0.61511266,0.0,0.98761433,0.7236072
0.79006684,1.0,0.22672825,1.0,0.7517598,0.2864135,0.09301881,1.0
0.22194314,1.0,1.0,1.0,0.2621172,1.0,0.045720816,0.80873996
1.0,1.0,0.7037308,0.3042694,0.50353444,1.0,0.36409858,0.92564577
0.047774423,1.0,0.10759501,1.0,0.6781708,0.0,1.0,1.0
0.79256386,0.24609904,0.37138137,0.77368784,0.33133382,0.0,1.0,1.0
1.0,0.49689716,0.5433353,1.0,0.77385646,0.67862725,0.4052827,0.0
0.55801827,0.041735444,0.0012625112,0.7072307,0.035241377,0.23440199,1.0,0.71261066
0.17156543,1.0,0.35610607,1.0,1.0,0.14684606,1.0,1.0
0.9311151,0.4785765,1.0,0.6934084,0.13630171,0.6983583,0.064162225,0.81843376
0.4610699,1.0,0.62653786,0.5859187,0.4672481,1.0,0.7039228,1.0
0.6536164,0.3686915,0.93273824,0.0,1.0,1.0,1.0,1.0
0.75854266,0.0,0.86942214,0.6498408,0.35312453,0.26119784,0.4987999,0.8769328
0.42378238,0.2519057,0.85693175,0.4892132,1.0,0.6277231,1.0,0.1255682
0.71919674,0.9131137,0.9256784,0.9500168,0.020188138,0.40586823,0.27990958,0.90038013
1.0,0.8609411,0.0,0.60121137,1.0,0.9200276,0.49093187,0.90741366
0.59646136,1.0,1.0,0.9635534,1.0,0.85139465,0.618893,1.0
0.3222532,0.54025155,1.0,1.0,0.9499949,1.0,1.0,0.42184734
1.0,1.0,1.0,0.44436562,0.0,1.0,1.0,0.99229735
0.33394772,1.0,0.40579867,0.52907926,0.6549418,0.25859293,1.0,1.0
0.16708194,1.0,1.0,1.0,0.3009823,0.0,0.2661681,1.0
1.0,0.8327097,0.8236866,0.24820504,0.24409987,0.89617693,1.0,1.0
0.96069354,0.0,1.0,0.7300177,1.0,0.9714512,0.25433314,0.7920515
0.4235346,0.1312764,0.3011798,0.23908448,0.15483707,0.7541314,0.35826194,0.8893135
1.0,0.34541386,0.3542965,1.0,0.94599885,1.0,0.43185148,1.0
0.2403005,0.31582186,0.10950707,0.66749996,0.9783272,0.8138929,1.0,0.8651343
0.6796462,0.17043401,0.8072992,1.0,1.0,0.0,0.6439236,0.96490794
1.0,0.0,0.36914417,0.24744052,1.0,0.6951882,0.60094154,1.0
0.0,0.30343822,0.0,0.8934828,0.03507206,0.48211786,0.43439853,0.7563319
1.0,1.0,0.6581108,0.0,0.80860585,0.26830977,0.0,0.7395318
0.39804658,0.023152318,0.70731,1.0,0.22327438,0.8884893,1.0,1.0
0.0,0.3205435,0.7903128,0.45305976,0.0,0.74762416,0.8472202,1.0
0.45871395,0.55276227,0.14310455,1.0,1.0,1.0,0.0,1.0
0.64840066,0.8240765,0.66363776,0.9956856,1.0,0.0,1.0,0.9299489
0.8696703,0.6107767,0.6898912,0.6113543,0.095802106,0.0,1.0,0.9519277
0.121892996,1.0,1.0,0.71318877,0.95970994,0.8347513,0.23514932,0.6439684
0.86738294,0.0,0.26072255,0.6274216,0.6151459,0.69499236,1.0,0.15369971
0.6380555,1.0,0.08238845,0.6889522,0.6763184,0.8018278,1.0,1.0
0.48149577,1.0,1.0,0.04297385,0.49448717,0.39550713,0.78731894,0.5979271
1.0,0.76320434,1.0,0.0,1.0,0.9959122,0.9567648,0.0
1.0,0.0,1.0,1.0,1.0,0.36538705,1.0,0.8677055
0.8472857,0.5207933,0.0781723,1.0,0.88181734,1.0,1.0,0.34586903
1.0,0.53400713,0.35191554,0.15931763,0.48374134,0.26098484,0.69612336,0.3707929
0.9383562,1.0,0.5067103,0.6256627,1.0,0.4292093,1.0,0.29185036
0.8499733,0.042968992,0.3611311,0.39075,0.102454074,1.0,0.023188362,0.6832438
0.14583221,0.14281313,0.45427716,0.823726,1.0,0.97247803,1.0,0.8669382
0.0,0.94744605,0.5427732,0.97368526,0.45314094,0.38070637,0.3112696,1.0
0.615801,0.518383,0.81380826,0.9360058,0.02880102,1.0,1.0,0.56045765
0.39073262,0.25566903,1.0,1.0,0.58014923,1.0,0.29848176,1.0
0.8255821,0.619277,0.63006574,1.0,0.5248593,1.0,0.5719479,1.0
0.14261186,0.3582733,0.08647249,0.8558498,0.0,0.3002487,0.5402171,0.9656007
0.0,0.23456015,0.0,1.0,0.03578497,0.8966468,0.9119814,0.06423367
0.73763174,0.26146764,0.98561436,1.0,0.0,0.63185334,1.0,0.0
0.1772133,0.42805824,0.7034544,1.0,1.0,0.0,0.29096064,0.9859597
1.0,0.61213696,0.87613356,1.0,0.7441283,0.47965428,0.023279026,1.0
0.47035295,0.8285169,0.93859184,1.0,0.70165664,0.98599696,0.21686378,1.0
0.0,1.0,1.0,0.30347025,0.0,0.28485414,0.66325307,0.68044615
0.60033375,1.0,1.0,0.7866475,0.12930793,0.3036563,1.0,0.117179036
0.79266155,0.9075188,0.82154244,0.7782862,0.4578743,1.0,1.0,0.21465509
0.58656126,0.0,0.0,0.7123905,1.0,0.13779923,0.4041652,1.0
1.0,0.8506817,0.6922521,0.0,0.5772654,0.44335833,0.4490898,0.0
0.59269243,0.7916169,1.0,0.51743704,0.797111,0.77411616,1.0,0.347126
0.85629493,0.6136198,0.8340438,0.38933402,1.0,0.35233134,0.3371728,0.17508923
1.0,0.7756841,1.0,1.0,0.8221505,0.98072153,0.46686724,0.26396924
0.7374124,0.52018666,0.9347809,0.410894,1.0,0.79394066,0.5856584,1.0
1.0,0.55826026,0.5131943,1.0,0.43867648,0.0,0.94959784,1.0
1.0,1.0,0.7164922,0.4254336,1.0,1.0,1.0,1.0
0.4129949,0.0,1.0,0.5317822,0.80255914,0.62421346,0.9182692,1.0
0.87239724,0.48422638,1.0,0.6102429,0.0,0.6110348,0.024149062,0.38014793
1.0,0.0,0.0,0.6544668,0.6153741,0.40554976,0.4747549,0.0
0.22440808,1.0,1.0,0.36034063,0.050624534,0.91815776,1.0,1.0
0.25825486,0.0,1.0,0.035346005,1.0,0.59141135,0.5626591,0.97249836
0.0,0.9216633,0.82164264,0.89130276,0.20669933,0.9168949,1.0,1.0
0.7042284,1.0,0.0,0.0730815,0.59740615,0.27716705,0.99927765,1.0
0.070740394,0.75482684,1.0,1.0,1.0,0.36934745,0.0,0.5591252
0.37252414,0.24739416,0.029048897,0.7479513,1.0,0.26601315,0.8452586,1.0
0.8771636,0.75553185,0.9272267,1.0,0.0,1.0,1.0,0.997858
0.8935365,0.3838996,0.82300353,1.0,0.7004761,0.0,1.0,0.9556544
0.20264202,1.0,0.8037201,1.0,0.0,1.0,0.55049074,0.71107787
1.0,0.31755418,0.7920516,1.0,0.45892757,1.0,0.7479753,0.42554793
0.59563327,1.0,0.6838351,0.6484319,0.6015917,0.34594953,1.0,1.0
0.0,1.0,0.6166218,0.18745795,0.089061745,0.97450787,0.86176,1.0
0.9630587,0.0,1.0,0.8518478,1.0,0.49567285,0.66213816,0.8064893
1.0,0.78578913,0.8190324,0.33691058,0.22993122,1.0,0.9724725,1.0
0.0,0.0,0.90668255,0.31804562,0.07855912,0.26777354,0.6569967,0.5228177
0.66654986,0.10767082,0.0,0.76011467,0.89015496,0.48664954,1.0,1.0
0.85809493,0.96440387,1.0,0.14820695,0.6232189,1.0,1.0,0.844656
